337233	1036622	cantonesespoken	CC BY 4.0	
343310	1025269	cantonesespoken	CC BY 4.0	
344786	1036623	cantonesespoken	CC BY 4.0	
364850	1025270	cantonesespoken	CC BY 4.0	
385300	1007617	cantonesespoken	CC BY 4.0	
385304	1042340	cantonesespoken	CC BY 4.0	
385305	1025271	cantonesespoken	CC BY 4.0	
385321	1007618	cantonesespoken	CC BY 4.0	
385488	1036624	cantonesespoken	CC BY 4.0	
385509	1007619	cantonesespoken	CC BY 4.0	
385516	1036625	cantonesespoken	CC BY 4.0	
385534	1036626	cantonesespoken	CC BY 4.0	
385578	1025272	cantonesespoken	CC BY 4.0	
385580	1036627	cantonesespoken	CC BY 4.0	
385590	1042234	cantonesespoken	CC BY 4.0	
385604	1025273	cantonesespoken	CC BY 4.0	
385608	1042336	cantonesespoken	CC BY 4.0	
385612	994347	cantonesespoken	CC BY 4.0	
385614	990482	cantonesespoken	CC BY 4.0	
385668	1025274	cantonesespoken	CC BY 4.0	
385677	1025275	cantonesespoken	CC BY 4.0	
385918	1025276	cantonesespoken	CC BY 4.0	
385920	990483	cantonesespoken	CC BY 4.0	
385966	1036628	cantonesespoken	CC BY 4.0	
385979	1025277	cantonesespoken	CC BY 4.0	
385981	1025278	cantonesespoken	CC BY 4.0	
386023	1036629	cantonesespoken	CC BY 4.0	
386571	1036630	cantonesespoken	CC BY 4.0	
386746	1038680	cantonesespoken	CC BY 4.0	
386747	990484	cantonesespoken	CC BY 4.0	
386750	1025279	cantonesespoken	CC BY 4.0	
386755	1007620	cantonesespoken	CC BY 4.0	
386771	1025280	cantonesespoken	CC BY 4.0	
386772	1025281	cantonesespoken	CC BY 4.0	
386773	1007621	cantonesespoken	CC BY 4.0	
386861	1042307	cantonesespoken	CC BY 4.0	
386867	1025282	cantonesespoken	CC BY 4.0	
387115	1007622	cantonesespoken	CC BY 4.0	
387614	1042287	cantonesespoken	CC BY 4.0	
387616	1042243	cantonesespoken	CC BY 4.0	
387699	1025283	cantonesespoken	CC BY 4.0	
387775	1025284	cantonesespoken	CC BY 4.0	
387841	1042294	cantonesespoken	CC BY 4.0	
388133	1025285	cantonesespoken	CC BY 4.0	
388370	1025286	cantonesespoken	CC BY 4.0	
388386	1007623	cantonesespoken	CC BY 4.0	
389456	1007624	cantonesespoken	CC BY 4.0	
389458	1036631	cantonesespoken	CC BY 4.0	
389470	1025287	cantonesespoken	CC BY 4.0	
389515	1025288	cantonesespoken	CC BY 4.0	
389517	1038681	cantonesespoken	CC BY 4.0	
389522	1025289	cantonesespoken	CC BY 4.0	
389530	1025290	cantonesespoken	CC BY 4.0	
390389	1038682	cantonesespoken	CC BY 4.0	
390394	1042256	cantonesespoken	CC BY 4.0	
391016	1025291	cantonesespoken	CC BY 4.0	
391593	1042339	cantonesespoken	CC BY 4.0	
392325	1025292	cantonesespoken	CC BY 4.0	
392327	1036632	cantonesespoken	CC BY 4.0	
392332	1007625	cantonesespoken	CC BY 4.0	
392922	1036633	cantonesespoken	CC BY 4.0	
392927	1038683	cantonesespoken	CC BY 4.0	
392988	1025293	cantonesespoken	CC BY 4.0	
393206	1025294	cantonesespoken	CC BY 4.0	
393208	1007626	cantonesespoken	CC BY 4.0	
393212	1025295	cantonesespoken	CC BY 4.0	
393366	994348	cantonesespoken	CC BY 4.0	
393368	1042327	cantonesespoken	CC BY 4.0	
393378	1042305	cantonesespoken	CC BY 4.0	
393381	1025296	cantonesespoken	CC BY 4.0	
393396	1025297	cantonesespoken	CC BY 4.0	
394094	1042301	cantonesespoken	CC BY 4.0	
394096	1036634	cantonesespoken	CC BY 4.0	
394247	1042257	cantonesespoken	CC BY 4.0	
394251	1042232	cantonesespoken	CC BY 4.0	
394255	1025298	cantonesespoken	CC BY 4.0	
394913	1025299	cantonesespoken	CC BY 4.0	
395074	1025300	cantonesespoken	CC BY 4.0	
395197	1025301	cantonesespoken	CC BY 4.0	
395205	1025302	cantonesespoken	CC BY 4.0	
395801	1042288	cantonesespoken	CC BY 4.0	
395907	1025303	cantonesespoken	CC BY 4.0	
396382	1007627	cantonesespoken	CC BY 4.0	
396397	1025304	cantonesespoken	CC BY 4.0	
396402	994349	cantonesespoken	CC BY 4.0	
397004	1025305	cantonesespoken	CC BY 4.0	
397070	994350	cantonesespoken	CC BY 4.0	
400070	1025306	cantonesespoken	CC BY 4.0	
400072	1025307	cantonesespoken	CC BY 4.0	
400377	990485	cantonesespoken	CC BY 4.0	
400437	1038684	cantonesespoken	CC BY 4.0	
400451	994351	cantonesespoken	CC BY 4.0	
400469	990486	cantonesespoken	CC BY 4.0	
400478	1025308	cantonesespoken	CC BY 4.0	
400813	994352	cantonesespoken	CC BY 4.0	
401146	1036635	cantonesespoken	CC BY 4.0	
401658	1007628	cantonesespoken	CC BY 4.0	
401693	1025309	cantonesespoken	CC BY 4.0	
401733	1038685	cantonesespoken	CC BY 4.0	
401744	1038686	cantonesespoken	CC BY 4.0	
402144	1025310	cantonesespoken	CC BY 4.0	
402164	1025311	cantonesespoken	CC BY 4.0	
402197	994353	cantonesespoken	CC BY 4.0	
402221	1025312	cantonesespoken	CC BY 4.0	
402229	1042310	cantonesespoken	CC BY 4.0	
402232	1025313	cantonesespoken	CC BY 4.0	
402291	1025314	cantonesespoken	CC BY 4.0	
402511	1025315	cantonesespoken	CC BY 4.0	
402832	1025316	cantonesespoken	CC BY 4.0	
402878	990487	cantonesespoken	CC BY 4.0	
402892	1042251	cantonesespoken	CC BY 4.0	
402944	1038687	cantonesespoken	CC BY 4.0	
402957	1025317	cantonesespoken	CC BY 4.0	
402959	1038688	cantonesespoken	CC BY 4.0	
402965	1007629	cantonesespoken	CC BY 4.0	
402980	1007630	cantonesespoken	CC BY 4.0	
402985	1036636	cantonesespoken	CC BY 4.0	
402988	1025318	cantonesespoken	CC BY 4.0	
402996	1042252	cantonesespoken	CC BY 4.0	
403328	1025319	cantonesespoken	CC BY 4.0	
403347	1038689	cantonesespoken	CC BY 4.0	
403353	1042353	cantonesespoken	CC BY 4.0	
403423	1042309	cantonesespoken	CC BY 4.0	
403436	1042284	cantonesespoken	CC BY 4.0	
403456	1025320	cantonesespoken	CC BY 4.0	
403461	994354	cantonesespoken	CC BY 4.0	
403463	990488	cantonesespoken	CC BY 4.0	
403506	1025321	cantonesespoken	CC BY 4.0	
403576	1007631	cantonesespoken	CC BY 4.0	
403581	1025322	cantonesespoken	CC BY 4.0	
403759	1025323	cantonesespoken	CC BY 4.0	
403765	1036637	cantonesespoken	CC BY 4.0	
403771	1025324	cantonesespoken	CC BY 4.0	
403873	1025325	cantonesespoken	CC BY 4.0	
405382	1007632	cantonesespoken	CC BY 4.0	
405386	1038690	cantonesespoken	CC BY 4.0	
406422	1007633	cantonesespoken	CC BY 4.0	
406469	1042308	cantonesespoken	CC BY 4.0	
406543	990489	cantonesespoken	CC BY 4.0	
406620	1042320	cantonesespoken	CC BY 4.0	
408444	1038691	cantonesespoken	CC BY 4.0	
410567	1042356	cantonesespoken	CC BY 4.0	
410573	1038692	cantonesespoken	CC BY 4.0	
410656	1025326	cantonesespoken	CC BY 4.0	
410658	1042355	cantonesespoken	CC BY 4.0	
410690	1025327	cantonesespoken	CC BY 4.0	
410734	1025328	cantonesespoken	CC BY 4.0	
410815	1007634	cantonesespoken	CC BY 4.0	
414853	1038693	cantonesespoken	CC BY 4.0	
415734	1025329	cantonesespoken	CC BY 4.0	
415943	1038694	cantonesespoken	CC BY 4.0	
417763	1036638	cantonesespoken	CC BY 4.0	
417776	1025330	cantonesespoken	CC BY 4.0	
417777	1036639	cantonesespoken	CC BY 4.0	
417779	1025331	cantonesespoken	CC BY 4.0	
417780	990490	cantonesespoken	CC BY 4.0	
417783	1025332	cantonesespoken	CC BY 4.0	
417797	1036640	cantonesespoken	CC BY 4.0	
417798	996765	cantonesespoken	CC BY 4.0	
418562	1042259	cantonesespoken	CC BY 4.0	
419248	1042238	cantonesespoken	CC BY 4.0	
419261	1025333	cantonesespoken	CC BY 4.0	
419270	1042248	cantonesespoken	CC BY 4.0	
419272	1025334	cantonesespoken	CC BY 4.0	
419695	1025335	cantonesespoken	CC BY 4.0	
421779	1042281	cantonesespoken	CC BY 4.0	
421820	996766	cantonesespoken	CC BY 4.0	
421838	996767	cantonesespoken	CC BY 4.0	
421844	1036641	cantonesespoken	CC BY 4.0	
421892	1038695	cantonesespoken	CC BY 4.0	
421983	1025336	cantonesespoken	CC BY 4.0	
422013	1025337	cantonesespoken	CC BY 4.0	
422022	1042278	cantonesespoken	CC BY 4.0	
422030	1025338	cantonesespoken	CC BY 4.0	
422038	1042254	cantonesespoken	CC BY 4.0	
422040	1036642	cantonesespoken	CC BY 4.0	
422052	1036643	cantonesespoken	CC BY 4.0	
422964	990491	cantonesespoken	CC BY 4.0	
422967	1042285	cantonesespoken	CC BY 4.0	
422969	1042297	cantonesespoken	CC BY 4.0	
422973	1025339	cantonesespoken	CC BY 4.0	
422977	990492	cantonesespoken	CC BY 4.0	
422983	1042319	cantonesespoken	CC BY 4.0	
423187	1038696	cantonesespoken	CC BY 4.0	
423648	1025340	cantonesespoken	CC BY 4.0	
423887	1038697	cantonesespoken	CC BY 4.0	
423898	1007635	cantonesespoken	CC BY 4.0	
423904	1025341	cantonesespoken	CC BY 4.0	
423911	1042345	cantonesespoken	CC BY 4.0	
424886	1042324	cantonesespoken	CC BY 4.0	
424890	1038698	cantonesespoken	CC BY 4.0	
424965	1038699	cantonesespoken	CC BY 4.0	
425934	1042312	cantonesespoken	CC BY 4.0	
425935	996768	cantonesespoken	CC BY 4.0	
426242	1038700	cantonesespoken	CC BY 4.0	
426244	1042318	cantonesespoken	CC BY 4.0	
426247	1038701	cantonesespoken	CC BY 4.0	
426745	1025342	cantonesespoken	CC BY 4.0	
430241	1025343	cantonesespoken	CC BY 4.0	
430433	1025344	cantonesespoken	CC BY 4.0	
431508	1025345	cantonesespoken	CC BY 4.0	
431587	1042265	cantonesespoken	CC BY 4.0	
432362	1025346	cantonesespoken	CC BY 4.0	
433476	1025347	cantonesespoken	CC BY 4.0	
433506	1025348	cantonesespoken	CC BY 4.0	
433553	1007636	cantonesespoken	CC BY 4.0	
433710	996769	cantonesespoken	CC BY 4.0	
433887	1025349	cantonesespoken	CC BY 4.0	
433931	996770	cantonesespoken	CC BY 4.0	
435246	1042289	cantonesespoken	CC BY 4.0	
435712	1038702	cantonesespoken	CC BY 4.0	
436026	996771	cantonesespoken	CC BY 4.0	
437750	990493	cantonesespoken	CC BY 4.0	
437752	996772	cantonesespoken	CC BY 4.0	
452360	990494	cantonesespoken	CC BY 4.0	
452504	1025350	cantonesespoken	CC BY 4.0	
454805	996773	cantonesespoken	CC BY 4.0	
454806	1025351	cantonesespoken	CC BY 4.0	
457562	1042268	cantonesespoken	CC BY 4.0	
457585	1025352	cantonesespoken	CC BY 4.0	
457590	1025353	cantonesespoken	CC BY 4.0	
457692	1025354	cantonesespoken	CC BY 4.0	
458164	1038703	cantonesespoken	CC BY 4.0	
458768	1038704	cantonesespoken	CC BY 4.0	
458804	1007637	cantonesespoken	CC BY 4.0	
458812	1025355	cantonesespoken	CC BY 4.0	
458853	1036644	cantonesespoken	CC BY 4.0	
459347	1025356	cantonesespoken	CC BY 4.0	
459352	1042290	cantonesespoken	CC BY 4.0	
459356	990495	cantonesespoken	CC BY 4.0	
459760	1025357	cantonesespoken	CC BY 4.0	
459772	1025358	cantonesespoken	CC BY 4.0	
459923	996774	cantonesespoken	CC BY 4.0	
460482	1038705	cantonesespoken	CC BY 4.0	
460646	990496	cantonesespoken	CC BY 4.0	
461507	1042314	cantonesespoken	CC BY 4.0	
461592	996775	cantonesespoken	CC BY 4.0	
461604	990497	cantonesespoken	CC BY 4.0	
461620	1025359	cantonesespoken	CC BY 4.0	
461621	1025360	cantonesespoken	CC BY 4.0	
461637	1042316	cantonesespoken	CC BY 4.0	
466237	1007638	cantonesespoken	CC BY 4.0	
466373	990498	cantonesespoken	CC BY 4.0	
466418	1007639	cantonesespoken	CC BY 4.0	
469122	1042341	cantonesespoken	CC BY 4.0	
469279	1025361	cantonesespoken	CC BY 4.0	
469463	1025362	cantonesespoken	CC BY 4.0	
470244	990499	cantonesespoken	CC BY 4.0	
470277	1025363	cantonesespoken	CC BY 4.0	
470279	1042299	cantonesespoken	CC BY 4.0	
470462	1038706	cantonesespoken	CC BY 4.0	
470837	1007640	cantonesespoken	CC BY 4.0	
470887	1007641	cantonesespoken	CC BY 4.0	
470960	1025364	cantonesespoken	CC BY 4.0	
471521	1025365	cantonesespoken	CC BY 4.0	
472117	1042311	cantonesespoken	CC BY 4.0	
472127	996776	cantonesespoken	CC BY 4.0	
472591	1025366	cantonesespoken	CC BY 4.0	
472598	1038707	cantonesespoken	CC BY 4.0	
472632	996777	cantonesespoken	CC BY 4.0	
472854	1025367	cantonesespoken	CC BY 4.0	
472917	1007642	cantonesespoken	CC BY 4.0	
472919	1042348	cantonesespoken	CC BY 4.0	
472952	1042271	cantonesespoken	CC BY 4.0	
475391	990500	cantonesespoken	CC BY 4.0	
478169	996778	cantonesespoken	CC BY 4.0	
480811	1025368	cantonesespoken	CC BY 4.0	
480915	1042322	cantonesespoken	CC BY 4.0	
481460	1025369	cantonesespoken	CC BY 4.0	
481564	1025370	cantonesespoken	CC BY 4.0	
486552	996779	cantonesespoken	CC BY 4.0	
486580	1025371	cantonesespoken	CC BY 4.0	
487477	1042343	cantonesespoken	CC BY 4.0	
489158	996780	cantonesespoken	CC BY 4.0	
492206	1025372	cantonesespoken	CC BY 4.0	
492892	1038708	cantonesespoken	CC BY 4.0	
492975	996781	cantonesespoken	CC BY 4.0	
499505	1025373	cantonesespoken	CC BY 4.0	
502767	1025374	cantonesespoken	CC BY 4.0	
502830	1025375	cantonesespoken	CC BY 4.0	
503193	1025376	cantonesespoken	CC BY 4.0	
506841	1036645	cantonesespoken	CC BY 4.0	
506852	1025377	cantonesespoken	CC BY 4.0	
506861	1025378	cantonesespoken	CC BY 4.0	
510688	1025379	cantonesespoken	CC BY 4.0	
510833	1038709	cantonesespoken	CC BY 4.0	
512191	1007643	cantonesespoken	CC BY 4.0	
519024	1007644	cantonesespoken	CC BY 4.0	
519055	1036646	cantonesespoken	CC BY 4.0	
519159	996782	cantonesespoken	CC BY 4.0	
520654	996783	cantonesespoken	CC BY 4.0	
522220	1025380	cantonesespoken	CC BY 4.0	
522222	1042334	cantonesespoken	CC BY 4.0	
522224	996784	cantonesespoken	CC BY 4.0	
522238	1025381	cantonesespoken	CC BY 4.0	
523841	990501	cantonesespoken	CC BY 4.0	
523928	1036647	cantonesespoken	CC BY 4.0	
523973	1042272	cantonesespoken	CC BY 4.0	
526397	1025382	cantonesespoken	CC BY 4.0	
527894	1025383	cantonesespoken	CC BY 4.0	
527905	1025384	cantonesespoken	CC BY 4.0	
528429	1042258	cantonesespoken	CC BY 4.0	
528571	996785	cantonesespoken	CC BY 4.0	
528590	1036648	cantonesespoken	CC BY 4.0	
530734	1038710	cantonesespoken	CC BY 4.0	
530776	1042267	cantonesespoken	CC BY 4.0	
530780	1025385	cantonesespoken	CC BY 4.0	
530792	1025386	cantonesespoken	CC BY 4.0	
530861	1038711	cantonesespoken	CC BY 4.0	
532187	1025387	cantonesespoken	CC BY 4.0	
532216	1038712	cantonesespoken	CC BY 4.0	
532488	1025388	cantonesespoken	CC BY 4.0	
533755	1007645	cantonesespoken	CC BY 4.0	
534148	1025389	cantonesespoken	CC BY 4.0	
534265	1042291	cantonesespoken	CC BY 4.0	
534268	1025390	cantonesespoken	CC BY 4.0	
535785	1042277	cantonesespoken	CC BY 4.0	
535791	1025391	cantonesespoken	CC BY 4.0	
537328	1038713	cantonesespoken	CC BY 4.0	
537361	1042262	cantonesespoken	CC BY 4.0	
542544	1025392	cantonesespoken	CC BY 4.0	
542567	1025393	cantonesespoken	CC BY 4.0	
542607	1042235	cantonesespoken	CC BY 4.0	
546648	1007646	cantonesespoken	CC BY 4.0	
546754	996786	cantonesespoken	CC BY 4.0	
546759	1007647	cantonesespoken	CC BY 4.0	
546766	1025394	cantonesespoken	CC BY 4.0	
550774	1007648	cantonesespoken	CC BY 4.0	
550893	1036649	cantonesespoken	CC BY 4.0	
552860	1042236	cantonesespoken	CC BY 4.0	
552908	1025395	cantonesespoken	CC BY 4.0	
554493	1025396	cantonesespoken	CC BY 4.0	
554586	1025397	cantonesespoken	CC BY 4.0	
554628	1025398	cantonesespoken	CC BY 4.0	
554629	1025399	cantonesespoken	CC BY 4.0	
554634	1007649	cantonesespoken	CC BY 4.0	
557286	1025400	cantonesespoken	CC BY 4.0	
557288	1025401	cantonesespoken	CC BY 4.0	
562108	1042242	cantonesespoken	CC BY 4.0	
562109	996787	cantonesespoken	CC BY 4.0	
562131	1007650	cantonesespoken	CC BY 4.0	
569720	1042292	cantonesespoken	CC BY 4.0	
575550	1036650	cantonesespoken	CC BY 4.0	
579879	1038714	cantonesespoken	CC BY 4.0	
579910	1025402	cantonesespoken	CC BY 4.0	
579911	1025403	cantonesespoken	CC BY 4.0	
583777	990502	cantonesespoken	CC BY 4.0	
583783	1042266	cantonesespoken	CC BY 4.0	
587384	1025404	cantonesespoken	CC BY 4.0	
590093	1025405	cantonesespoken	CC BY 4.0	
590098	1042240	cantonesespoken	CC BY 4.0	
593082	1025406	cantonesespoken	CC BY 4.0	
593133	996788	cantonesespoken	CC BY 4.0	
593156	1007651	cantonesespoken	CC BY 4.0	
593208	1025407	cantonesespoken	CC BY 4.0	
595048	1025408	cantonesespoken	CC BY 4.0	
595090	1007652	cantonesespoken	CC BY 4.0	
598143	1042303	cantonesespoken	CC BY 4.0	
599671	1025409	cantonesespoken	CC BY 4.0	
604174	996789	cantonesespoken	CC BY 4.0	
605944	1038715	cantonesespoken	CC BY 4.0	
605960	1025410	cantonesespoken	CC BY 4.0	
605966	1042295	cantonesespoken	CC BY 4.0	
605968	1042317	cantonesespoken	CC BY 4.0	
605985	1036651	cantonesespoken	CC BY 4.0	
610523	1007653	cantonesespoken	CC BY 4.0	
611602	996790	cantonesespoken	CC BY 4.0	
611942	1042263	cantonesespoken	CC BY 4.0	
611953	1025411	cantonesespoken	CC BY 4.0	
612002	1007654	cantonesespoken	CC BY 4.0	
612060	1042350	cantonesespoken	CC BY 4.0	
616033	1042329	cantonesespoken	CC BY 4.0	
616054	1025412	cantonesespoken	CC BY 4.0	
616138	1036652	cantonesespoken	CC BY 4.0	
616140	1025413	cantonesespoken	CC BY 4.0	
616213	1025414	cantonesespoken	CC BY 4.0	
616222	1042338	cantonesespoken	CC BY 4.0	
616224	1025415	cantonesespoken	CC BY 4.0	
616234	1025416	cantonesespoken	CC BY 4.0	
616235	1025417	cantonesespoken	CC BY 4.0	
616306	1038716	cantonesespoken	CC BY 4.0	
616333	1036653	cantonesespoken	CC BY 4.0	
616360	996791	cantonesespoken	CC BY 4.0	
616859	1007655	cantonesespoken	CC BY 4.0	
616901	1038717	cantonesespoken	CC BY 4.0	
616983	1025418	cantonesespoken	CC BY 4.0	
617113	1025419	cantonesespoken	CC BY 4.0	
617499	996792	cantonesespoken	CC BY 4.0	
617604	1007656	cantonesespoken	CC BY 4.0	
617638	1038718	cantonesespoken	CC BY 4.0	
617699	996793	cantonesespoken	CC BY 4.0	
618037	1025420	cantonesespoken	CC BY 4.0	
618309	1042230	cantonesespoken	CC BY 4.0	
619458	1042244	cantonesespoken	CC BY 4.0	
619478	1025421	cantonesespoken	CC BY 4.0	
619536	1038719	cantonesespoken	CC BY 4.0	
633881	1036654	cantonesespoken	CC BY 4.0	
634055	1042330	cantonesespoken	CC BY 4.0	
635051	1025422	cantonesespoken	CC BY 4.0	
642564	1038720	cantonesespoken	CC BY 4.0	
642846	1007657	cantonesespoken	CC BY 4.0	
660571	1036655	cantonesespoken	CC BY 4.0	
661173	1038721	cantonesespoken	CC BY 4.0	
661182	996794	cantonesespoken	CC BY 4.0	
662793	1042326	cantonesespoken	CC BY 4.0	
662795	1025423	cantonesespoken	CC BY 4.0	
662796	1025424	cantonesespoken	CC BY 4.0	
664506	1038722	cantonesespoken	CC BY 4.0	
664514	1042250	cantonesespoken	CC BY 4.0	
664552	1038723	cantonesespoken	CC BY 4.0	
664991	1042270	cantonesespoken	CC BY 4.0	
665006	1025425	cantonesespoken	CC BY 4.0	
669086	996795	cantonesespoken	CC BY 4.0	
670637	1038724	cantonesespoken	CC BY 4.0	
672334	1025426	cantonesespoken	CC BY 4.0	
672773	1025427	cantonesespoken	CC BY 4.0	
672805	1042347	cantonesespoken	CC BY 4.0	
672815	1025428	cantonesespoken	CC BY 4.0	
672822	996796	cantonesespoken	CC BY 4.0	
678112	1038725	cantonesespoken	CC BY 4.0	
678185	1042283	cantonesespoken	CC BY 4.0	
683030	1036656	cantonesespoken	CC BY 4.0	
683034	1038726	cantonesespoken	CC BY 4.0	
683062	1038727	cantonesespoken	CC BY 4.0	
683094	1025429	cantonesespoken	CC BY 4.0	
684855	1038728	cantonesespoken	CC BY 4.0	
686448	1025430	cantonesespoken	CC BY 4.0	
688257	1038729	cantonesespoken	CC BY 4.0	
689764	1038730	cantonesespoken	CC BY 4.0	
692001	990503	cantonesespoken	CC BY 4.0	
692049	1025431	cantonesespoken	CC BY 4.0	
692053	1042293	cantonesespoken	CC BY 4.0	
692058	1007658	cantonesespoken	CC BY 4.0	
692874	996797	cantonesespoken	CC BY 4.0	
692881	1007659	cantonesespoken	CC BY 4.0	
700946	1025432	cantonesespoken	CC BY 4.0	
708524	1042349	cantonesespoken	CC BY 4.0	
708707	1025433	cantonesespoken	CC BY 4.0	
716710	1036657	cantonesespoken	CC BY 4.0	
750611	1025434	cantonesespoken	CC BY 4.0	
750741	1000348	cantonesespoken	CC BY 4.0	
750743	1007660	cantonesespoken	CC BY 4.0	
750751	1025435	cantonesespoken	CC BY 4.0	
750772	1036658	cantonesespoken	CC BY 4.0	
750789	1007661	cantonesespoken	CC BY 4.0	
750823	1025436	cantonesespoken	CC BY 4.0	
750841	1000349	cantonesespoken	CC BY 4.0	
750845	1000350	cantonesespoken	CC BY 4.0	
750851	1036659	cantonesespoken	CC BY 4.0	
750852	1000351	cantonesespoken	CC BY 4.0	
750860	1036660	cantonesespoken	CC BY 4.0	
750864	1036661	cantonesespoken	CC BY 4.0	
750880	1000352	cantonesespoken	CC BY 4.0	
750891	1000353	cantonesespoken	CC BY 4.0	
750895	1000354	cantonesespoken	CC BY 4.0	
750907	1036662	cantonesespoken	CC BY 4.0	
750908	1025437	cantonesespoken	CC BY 4.0	
750927	1036663	cantonesespoken	CC BY 4.0	
750930	1000355	cantonesespoken	CC BY 4.0	
750932	1036664	cantonesespoken	CC BY 4.0	
757756	1000356	cantonesespoken	CC BY 4.0	
758507	1042296	cantonesespoken	CC BY 4.0	
758620	1007662	cantonesespoken	CC BY 4.0	
759695	1007663	cantonesespoken	CC BY 4.0	
759698	1000357	cantonesespoken	CC BY 4.0	
759700	1000358	cantonesespoken	CC BY 4.0	
759703	1007664	cantonesespoken	CC BY 4.0	
759740	1025438	cantonesespoken	CC BY 4.0	
762026	1038731	cantonesespoken	CC BY 4.0	
762027	1042354	cantonesespoken	CC BY 4.0	
762034	1038732	cantonesespoken	CC BY 4.0	
763082	996798	cantonesespoken	CC BY 4.0	
764036	1038733	cantonesespoken	CC BY 4.0	
764054	1038734	cantonesespoken	CC BY 4.0	
764057	1025439	cantonesespoken	CC BY 4.0	
772435	1007665	cantonesespoken	CC BY 4.0	
772525	1025440	cantonesespoken	CC BY 4.0	
774119	1025441	cantonesespoken	CC BY 4.0	
779848	1025442	cantonesespoken	CC BY 4.0	
779850	990504	cantonesespoken	CC BY 4.0	
779895	1038735	cantonesespoken	CC BY 4.0	
780360	1025443	cantonesespoken	CC BY 4.0	
784392	1007666	cantonesespoken	CC BY 4.0	
784397	1000359	cantonesespoken	CC BY 4.0	
784404	1000360	cantonesespoken	CC BY 4.0	
784407	1025444	cantonesespoken	CC BY 4.0	
784411	1036665	cantonesespoken	CC BY 4.0	
784417	1000361	cantonesespoken	CC BY 4.0	
787359	1025445	cantonesespoken	CC BY 4.0	
787388	1036666	cantonesespoken	CC BY 4.0	
787546	1025446	cantonesespoken	CC BY 4.0	
791301	1025447	cantonesespoken	CC BY 4.0	
793804	1025448	cantonesespoken	CC BY 4.0	
793852	1025449	cantonesespoken	CC BY 4.0	
793866	1042274	cantonesespoken	CC BY 4.0	
795368	1025450	cantonesespoken	CC BY 4.0	
795404	990505	cantonesespoken	CC BY 4.0	
795411	996799	cantonesespoken	CC BY 4.0	
820257	1000362	cantonesespoken	CC BY 4.0	
821424	1025451	cantonesespoken	CC BY 4.0	
821444	990506	cantonesespoken	CC BY 4.0	
821446	1038736	cantonesespoken	CC BY 4.0	
829552	1036667	cantonesespoken	CC BY 4.0	
837960	1042331	cantonesespoken	CC BY 4.0	
840673	996800	cantonesespoken	CC BY 4.0	
840818	1025452	cantonesespoken	CC BY 4.0	
840827	1038737	cantonesespoken	CC BY 4.0	
840850	990507	cantonesespoken	CC BY 4.0	
840853	1038738	cantonesespoken	CC BY 4.0	
840856	1036668	cantonesespoken	CC BY 4.0	
843825	996801	cantonesespoken	CC BY 4.0	
843872	1025453	cantonesespoken	CC BY 4.0	
851650	1025454	cantonesespoken	CC BY 4.0	
851661	1025455	cantonesespoken	CC BY 4.0	
851664	1042325	cantonesespoken	CC BY 4.0	
851668	996802	cantonesespoken	CC BY 4.0	
851679	1042276	cantonesespoken	CC BY 4.0	
855946	1025456	cantonesespoken	CC BY 4.0	
857738	1042247	cantonesespoken	CC BY 4.0	
857747	1025457	cantonesespoken	CC BY 4.0	
857752	1025458	cantonesespoken	CC BY 4.0	
857827	1025459	cantonesespoken	CC BY 4.0	
866857	1042333	cantonesespoken	CC BY 4.0	
868343	1042351	cantonesespoken	CC BY 4.0	
868379	1036669	cantonesespoken	CC BY 4.0	
878760	1025460	cantonesespoken	CC BY 4.0	
878769	1036670	cantonesespoken	CC BY 4.0	
903166	1042279	cantonesespoken	CC BY 4.0	
903171	1007667	cantonesespoken	CC BY 4.0	
924636	1038739	cantonesespoken	CC BY 4.0	
973645	1007668	cantonesespoken	CC BY 4.0	
973650	1025461	cantonesespoken	CC BY 4.0	
973651	1025462	cantonesespoken	CC BY 4.0	
973655	1025463	cantonesespoken	CC BY 4.0	
973661	1025464	cantonesespoken	CC BY 4.0	
984834	996803	cantonesespoken	CC BY 4.0	
1016746	1025465	cantonesespoken	CC BY 4.0	
1030369	1038740	cantonesespoken	CC BY 4.0	
1039973	1007669	cantonesespoken	CC BY 4.0	
1068845	1038741	cantonesespoken	CC BY 4.0	
1068949	1038742	cantonesespoken	CC BY 4.0	
1069089	1038743	cantonesespoken	CC BY 4.0	
1069212	1042255	cantonesespoken	CC BY 4.0	
1069214	1038744	cantonesespoken	CC BY 4.0	
1069223	1038745	cantonesespoken	CC BY 4.0	
1069249	1038746	cantonesespoken	CC BY 4.0	
1069521	1042298	cantonesespoken	CC BY 4.0	
1069543	1038747	cantonesespoken	CC BY 4.0	
1069549	1038748	cantonesespoken	CC BY 4.0	
1070494	1038749	cantonesespoken	CC BY 4.0	
1070496	1038750	cantonesespoken	CC BY 4.0	
1070710	1042264	cantonesespoken	CC BY 4.0	
1071620	1038751	cantonesespoken	CC BY 4.0	
1071664	1038752	cantonesespoken	CC BY 4.0	
1074100	1038753	cantonesespoken	CC BY 4.0	
1074101	1038754	cantonesespoken	CC BY 4.0	
1079301	1038755	cantonesespoken	CC BY 4.0	
1079314	1038756	cantonesespoken	CC BY 4.0	
1080805	1038757	cantonesespoken	CC BY 4.0	
1080945	1038758	cantonesespoken	CC BY 4.0	
1081081	1038759	cantonesespoken	CC BY 4.0	
1081084	996804	cantonesespoken	CC BY 4.0	
1082820	1038760	cantonesespoken	CC BY 4.0	
1082830	1038761	cantonesespoken	CC BY 4.0	
1083205	996805	cantonesespoken	CC BY 4.0	
1083802	1025466	cantonesespoken	CC BY 4.0	
1083803	1025467	cantonesespoken	CC BY 4.0	
1083819	1042332	cantonesespoken	CC BY 4.0	
1085538	1025468	cantonesespoken	CC BY 4.0	
1085588	990508	cantonesespoken	CC BY 4.0	
1085654	1025469	cantonesespoken	CC BY 4.0	
1097587	1025470	cantonesespoken	CC BY 4.0	
1097590	996806	cantonesespoken	CC BY 4.0	
1097592	1025471	cantonesespoken	CC BY 4.0	
1097887	994355	cantonesespoken	CC BY 4.0	
1127071	1025472	cantonesespoken	CC BY 4.0	
1128587	1042275	cantonesespoken	CC BY 4.0	
1132196	1025473	cantonesespoken	CC BY 4.0	
1132200	1025474	cantonesespoken	CC BY 4.0	
1132246	1025475	cantonesespoken	CC BY 4.0	
1132276	1007670	cantonesespoken	CC BY 4.0	
1135086	994356	cantonesespoken	CC BY 4.0	
1135103	1007671	cantonesespoken	CC BY 4.0	
1179647	1025476	cantonesespoken	CC BY 4.0	
1181744	1025477	cantonesespoken	CC BY 4.0	
1187963	996807	cantonesespoken	CC BY 4.0	
1188001	990509	cantonesespoken	CC BY 4.0	
1188076	1007672	cantonesespoken	CC BY 4.0	
1188100	1007673	cantonesespoken	CC BY 4.0	
1188105	1007674	cantonesespoken	CC BY 4.0	
1188107	996808	cantonesespoken	CC BY 4.0	
1188123	1042241	cantonesespoken	CC BY 4.0	
1240175	1007675	cantonesespoken	CC BY 4.0	
1240185	1007676	cantonesespoken	CC BY 4.0	
1240187	1042344	cantonesespoken	CC BY 4.0	
1241881	1007677	cantonesespoken	CC BY 4.0	
1241883	1038762	cantonesespoken	CC BY 4.0	
1241890	996809	cantonesespoken	CC BY 4.0	
1241920	1025478	cantonesespoken	CC BY 4.0	
1241923	996810	cantonesespoken	CC BY 4.0	
1248139	1025479	cantonesespoken	CC BY 4.0	
1248145	1025480	cantonesespoken	CC BY 4.0	
1248157	1007678	cantonesespoken	CC BY 4.0	
1253080	1025481	cantonesespoken	CC BY 4.0	
1272439	1007679	cantonesespoken	CC BY 4.0	
1272702	1007680	cantonesespoken	CC BY 4.0	
1298620	1042260	cantonesespoken	CC BY 4.0	
1313362	1038763	cantonesespoken	CC BY 4.0	
1321392	1025482	cantonesespoken	CC BY 4.0	
1321394	990510	cantonesespoken	CC BY 4.0	
1321395	990511	cantonesespoken	CC BY 4.0	
1323308	1025483	cantonesespoken	CC BY 4.0	
1323309	1038764	cantonesespoken	CC BY 4.0	
1323312	996811	cantonesespoken	CC BY 4.0	
1324049	1038765	cantonesespoken	CC BY 4.0	
1324052	1025484	cantonesespoken	CC BY 4.0	
1324055	990512	cantonesespoken	CC BY 4.0	
1324913	1025485	cantonesespoken	CC BY 4.0	
1326663	1025486	cantonesespoken	CC BY 4.0	
1326684	1038766	cantonesespoken	CC BY 4.0	
1326705	1007681	cantonesespoken	CC BY 4.0	
1327459	1025487	cantonesespoken	CC BY 4.0	
1327461	1036671	cantonesespoken	CC BY 4.0	
1328725	996812	cantonesespoken	CC BY 4.0	
1328741	1025488	cantonesespoken	CC BY 4.0	
1329352	1007682	cantonesespoken	CC BY 4.0	
1329549	1038767	cantonesespoken	CC BY 4.0	
1343166	996813	cantonesespoken	CC BY 4.0	
1343279	1025489	cantonesespoken	CC BY 4.0	
1343286	994357	cantonesespoken	CC BY 4.0	
1343289	1025490	cantonesespoken	CC BY 4.0	
1343697	1036672	cantonesespoken	CC BY 4.0	
1344099	1036673	cantonesespoken	CC BY 4.0	
1344140	1042346	cantonesespoken	CC BY 4.0	
1344146	1042306	cantonesespoken	CC BY 4.0	
1344169	990513	cantonesespoken	CC BY 4.0	
1344547	1036674	cantonesespoken	CC BY 4.0	
1345610	994358	cantonesespoken	CC BY 4.0	
1359725	1007683	cantonesespoken	CC BY 4.0	
1359743	1042323	cantonesespoken	CC BY 4.0	
1359752	1036675	cantonesespoken	CC BY 4.0	
1363609	988863	cantonesespoken	CC BY 4.0	
1365938	988864	cantonesespoken	CC BY 4.0	
1371631	1025491	cantonesespoken	CC BY 4.0	
1383449	1036676	cantonesespoken	CC BY 4.0	
1385410	1007684	cantonesespoken	CC BY 4.0	
1386973	1007685	cantonesespoken	CC BY 4.0	
1386978	1036677	cantonesespoken	CC BY 4.0	
1388524	1025492	cantonesespoken	CC BY 4.0	
1390758	988865	cantonesespoken	CC BY 4.0	
1393419	996814	cantonesespoken	CC BY 4.0	
1393429	996815	cantonesespoken	CC BY 4.0	
1393435	1038768	cantonesespoken	CC BY 4.0	
1393443	994359	cantonesespoken	CC BY 4.0	
1393444	988866	cantonesespoken	CC BY 4.0	
1393454	996816	cantonesespoken	CC BY 4.0	
1393456	1036678	cantonesespoken	CC BY 4.0	
1393506	1007686	cantonesespoken	CC BY 4.0	
1393511	1007687	cantonesespoken	CC BY 4.0	
1398683	1036679	cantonesespoken	CC BY 4.0	
1399241	1042335	cantonesespoken	CC BY 4.0	
1399243	1025493	cantonesespoken	CC BY 4.0	
1399246	1025494	cantonesespoken	CC BY 4.0	
1399253	1025495	cantonesespoken	CC BY 4.0	
1399254	1025496	cantonesespoken	CC BY 4.0	
1399780	1007688	cantonesespoken	CC BY 4.0	
1399805	1007689	cantonesespoken	CC BY 4.0	
1399834	1038769	cantonesespoken	CC BY 4.0	
1401712	1036680	cantonesespoken	CC BY 4.0	
1401718	1025497	cantonesespoken	CC BY 4.0	
1401767	1025498	cantonesespoken	CC BY 4.0	
1401787	1042239	cantonesespoken	CC BY 4.0	
1401791	1038770	cantonesespoken	CC BY 4.0	
1404375	1025499	cantonesespoken	CC BY 4.0	
1404411	1042337	cantonesespoken	CC BY 4.0	
1415630	990514	cantonesespoken	CC BY 4.0	
1416579	1025500	cantonesespoken	CC BY 4.0	
1422562	1025501	cantonesespoken	CC BY 4.0	
1434615	1036681	cantonesespoken	CC BY 4.0	
1449947	990515	cantonesespoken	CC BY 4.0	
1452248	1042313	cantonesespoken	CC BY 4.0	
1452321	1038771	cantonesespoken	CC BY 4.0	
1452351	1036682	cantonesespoken	CC BY 4.0	
1452421	1036683	cantonesespoken	CC BY 4.0	
1454058	994360	cantonesespoken	CC BY 4.0	
1466947	988867	cantonesespoken	CC BY 4.0	
1470539	1042231	cantonesespoken	CC BY 4.0	
1470561	1036684	cantonesespoken	CC BY 4.0	
1472223	1025502	cantonesespoken	CC BY 4.0	
1479335	1025503	cantonesespoken	CC BY 4.0	
1479343	1025504	cantonesespoken	CC BY 4.0	
1489812	1025505	cantonesespoken	CC BY 4.0	
1490854	1025506	cantonesespoken	CC BY 4.0	
1493380	988868	cantonesespoken	CC BY 4.0	
1506973	988869	cantonesespoken	CC BY 4.0	
1528264	988870	cantonesespoken	CC BY 4.0	
1541961	1025507	cantonesespoken	CC BY 4.0	
1541964	1036685	cantonesespoken	CC BY 4.0	
1542002	1036686	cantonesespoken	CC BY 4.0	
1542003	1036687	cantonesespoken	CC BY 4.0	
1542007	1038772	cantonesespoken	CC BY 4.0	
1547173	988871	cantonesespoken	CC BY 4.0	
1548412	988872	cantonesespoken	CC BY 4.0	
1553556	1036688	cantonesespoken	CC BY 4.0	
1553748	994361	cantonesespoken	CC BY 4.0	
1553756	1042321	cantonesespoken	CC BY 4.0	
1553759	1036689	cantonesespoken	CC BY 4.0	
1553764	1025508	cantonesespoken	CC BY 4.0	
1553769	1025509	cantonesespoken	CC BY 4.0	
1554997	1036690	cantonesespoken	CC BY 4.0	
1555120	990516	cantonesespoken	CC BY 4.0	
1560879	1025510	cantonesespoken	CC BY 4.0	
1562574	1036691	cantonesespoken	CC BY 4.0	
1569770	1036692	cantonesespoken	CC BY 4.0	
1569788	1042280	cantonesespoken	CC BY 4.0	
1569816	1036693	cantonesespoken	CC BY 4.0	
1570041	1042282	cantonesespoken	CC BY 4.0	
1570043	1036694	cantonesespoken	CC BY 4.0	
1570044	990517	cantonesespoken	CC BY 4.0	
1570839	1038773	cantonesespoken	CC BY 4.0	
1570840	1036695	cantonesespoken	CC BY 4.0	
1572649	1025511	cantonesespoken	CC BY 4.0	
1573086	1038774	cantonesespoken	CC BY 4.0	
1573265	1036696	cantonesespoken	CC BY 4.0	
1573277	1036697	cantonesespoken	CC BY 4.0	
1579581	1025512	cantonesespoken	CC BY 4.0	
1579592	1025513	cantonesespoken	CC BY 4.0	
1579631	1038775	cantonesespoken	CC BY 4.0	
1583362	1036698	cantonesespoken	CC BY 4.0	
1584505	1036699	cantonesespoken	CC BY 4.0	
1584508	996817	cantonesespoken	CC BY 4.0	
1584728	996818	cantonesespoken	CC BY 4.0	
1585857	1036700	cantonesespoken	CC BY 4.0	
1586096	988873	cantonesespoken	CC BY 4.0	
1606909	988874	cantonesespoken	CC BY 4.0	
1618938	990518	cantonesespoken	CC BY 4.0	
1667887	1036701	cantonesespoken	CC BY 4.0	
1667926	994362	cantonesespoken	CC BY 4.0	
1667942	990519	cantonesespoken	CC BY 4.0	
1667968	1025514	cantonesespoken	CC BY 4.0	
1692108	1038776	cantonesespoken	CC BY 4.0	
1692111	1036702	cantonesespoken	CC BY 4.0	
1692126	1025515	cantonesespoken	CC BY 4.0	
1692133	1025516	cantonesespoken	CC BY 4.0	
1692155	1000363	cantonesespoken	CC BY 4.0	
1692191	1000364	cantonesespoken	CC BY 4.0	
1692193	1036703	cantonesespoken	CC BY 4.0	
1692195	1036704	cantonesespoken	CC BY 4.0	
1692198	1000365	cantonesespoken	CC BY 4.0	
1692201	1036705	cantonesespoken	CC BY 4.0	
1692227	1025517	cantonesespoken	CC BY 4.0	
1692247	1036706	cantonesespoken	CC BY 4.0	
1692252	1000366	cantonesespoken	CC BY 4.0	
1692254	1000367	cantonesespoken	CC BY 4.0	
1692263	1025518	cantonesespoken	CC BY 4.0	
1692267	1025519	cantonesespoken	CC BY 4.0	
1692277	1036707	cantonesespoken	CC BY 4.0	
1692290	1025520	cantonesespoken	CC BY 4.0	
1692299	1036708	cantonesespoken	CC BY 4.0	
1692306	1036709	cantonesespoken	CC BY 4.0	
1692316	1025521	cantonesespoken	CC BY 4.0	
1692334	1025522	cantonesespoken	CC BY 4.0	
1708824	1025523	cantonesespoken	CC BY 4.0	
1711876	1036710	cantonesespoken	CC BY 4.0	
1733244	1036711	cantonesespoken	CC BY 4.0	
1733263	1042300	cantonesespoken	CC BY 4.0	
1733266	1042249	cantonesespoken	CC BY 4.0	
1733315	996819	cantonesespoken	CC BY 4.0	
1733317	1025524	cantonesespoken	CC BY 4.0	
1733318	996820	cantonesespoken	CC BY 4.0	
1746536	1000368	cantonesespoken	CC BY 4.0	
1752331	1025525	cantonesespoken	CC BY 4.0	
1752436	1036712	cantonesespoken	CC BY 4.0	
1761564	994363	cantonesespoken	CC BY 4.0	
1761576	1036713	cantonesespoken	CC BY 4.0	
1761662	1036714	cantonesespoken	CC BY 4.0	
1762936	994364	cantonesespoken	CC BY 4.0	
1762937	1025526	cantonesespoken	CC BY 4.0	
1762938	1025527	cantonesespoken	CC BY 4.0	
1762940	1036715	cantonesespoken	CC BY 4.0	
1763655	1025528	cantonesespoken	CC BY 4.0	
1766049	994365	cantonesespoken	CC BY 4.0	
1769172	1036716	cantonesespoken	CC BY 4.0	
1769179	1036717	cantonesespoken	CC BY 4.0	
1769180	1036718	cantonesespoken	CC BY 4.0	
1774574	994366	cantonesespoken	CC BY 4.0	
1774613	1025529	cantonesespoken	CC BY 4.0	
1774643	1036719	cantonesespoken	CC BY 4.0	
1780714	996821	cantonesespoken	CC BY 4.0	
1780719	994367	cantonesespoken	CC BY 4.0	
1780721	990520	cantonesespoken	CC BY 4.0	
1781059	1025530	cantonesespoken	CC BY 4.0	
2093581	996822	cantonesespoken	CC BY 4.0	
2104078	1036720	cantonesespoken	CC BY 4.0	
2104085	1025531	cantonesespoken	CC BY 4.0	
2104087	1000369	cantonesespoken	CC BY 4.0	
2104088	1025532	cantonesespoken	CC BY 4.0	
2104093	1000370	cantonesespoken	CC BY 4.0	
2160881	1036721	cantonesespoken	CC BY 4.0	
2173791	994368	cantonesespoken	CC BY 4.0	
2183241	1038777	cantonesespoken	CC BY 4.0	
2183250	1025533	cantonesespoken	CC BY 4.0	
2183260	996823	cantonesespoken	CC BY 4.0	
2272636	1036722	cantonesespoken	CC BY 4.0	
2962024	1025534	cantonesespoken	CC BY 4.0	
3282796	1036723	cantonesespoken	CC BY 4.0	
3282802	1025535	cantonesespoken	CC BY 4.0	
3303134	1038778	cantonesespoken	CC BY 4.0	
3364355	1036724	cantonesespoken	CC BY 4.0	
3364412	1038779	cantonesespoken	CC BY 4.0	
3364415	1036725	cantonesespoken	CC BY 4.0	
3364421	1000371	cantonesespoken	CC BY 4.0	
3364502	1036726	cantonesespoken	CC BY 4.0	
3364507	1025536	cantonesespoken	CC BY 4.0	
3364508	1000372	cantonesespoken	CC BY 4.0	
3364512	1000373	cantonesespoken	CC BY 4.0	
3364513	1000374	cantonesespoken	CC BY 4.0	
3364517	1000375	cantonesespoken	CC BY 4.0	
3364528	1000376	cantonesespoken	CC BY 4.0	
3364529	1000377	cantonesespoken	CC BY 4.0	
3364533	1000378	cantonesespoken	CC BY 4.0	
3364553	1036727	cantonesespoken	CC BY 4.0	
3364554	1038780	cantonesespoken	CC BY 4.0	
3412311	996824	cantonesespoken	CC BY 4.0	
3465133	1025537	cantonesespoken	CC BY 4.0	
3465134	1025538	cantonesespoken	CC BY 4.0	
3465153	1025539	cantonesespoken	CC BY 4.0	
3465162	990521	cantonesespoken	CC BY 4.0	
3475948	996825	cantonesespoken	CC BY 4.0	
3475950	1025540	cantonesespoken	CC BY 4.0	
3475952	996826	cantonesespoken	CC BY 4.0	
3475974	994369	cantonesespoken	CC BY 4.0	
3477031	1036728	cantonesespoken	CC BY 4.0	
3499680	994370	cantonesespoken	CC BY 4.0	
3499701	1025541	cantonesespoken	CC BY 4.0	
3499718	1042352	cantonesespoken	CC BY 4.0	
3499719	1038781	cantonesespoken	CC BY 4.0	
3499725	1042253	cantonesespoken	CC BY 4.0	
3500939	996827	cantonesespoken	CC BY 4.0	
3500940	1036729	cantonesespoken	CC BY 4.0	
3500941	1042261	cantonesespoken	CC BY 4.0	
3500962	1038782	cantonesespoken	CC BY 4.0	
3500963	1025542	cantonesespoken	CC BY 4.0	
3500965	1025543	cantonesespoken	CC BY 4.0	
3502233	1042273	cantonesespoken	CC BY 4.0	
3868173	1042233	cantonesespoken	CC BY 4.0	
3868196	1036730	cantonesespoken	CC BY 4.0	
3868853	996828	cantonesespoken	CC BY 4.0	
3868854	996829	cantonesespoken	CC BY 4.0	
3868858	1036731	cantonesespoken	CC BY 4.0	
3868859	1036732	cantonesespoken	CC BY 4.0	
3868863	1025544	cantonesespoken	CC BY 4.0	
3868869	996830	cantonesespoken	CC BY 4.0	
3869340	1036733	cantonesespoken	CC BY 4.0	
4110864	988875	cantonesespoken	CC BY 4.0	
4193500	1025545	cantonesespoken	CC BY 4.0	
4464854	1025546	cantonesespoken	CC BY 4.0	
4464857	1036734	cantonesespoken	CC BY 4.0	
4464858	1036735	cantonesespoken	CC BY 4.0	
4464859	1025547	cantonesespoken	CC BY 4.0	
4464861	1036736	cantonesespoken	CC BY 4.0	
4464863	1036737	cantonesespoken	CC BY 4.0	
4464864	1036738	cantonesespoken	CC BY 4.0	
4464865	1036739	cantonesespoken	CC BY 4.0	
4464866	1036740	cantonesespoken	CC BY 4.0	
4464868	1000379	cantonesespoken	CC BY 4.0	
4464869	1036741	cantonesespoken	CC BY 4.0	
4464872	1000380	cantonesespoken	CC BY 4.0	
4464874	1036742	cantonesespoken	CC BY 4.0	
4464875	1036743	cantonesespoken	CC BY 4.0	
4464876	1036744	cantonesespoken	CC BY 4.0	
4464877	1000381	cantonesespoken	CC BY 4.0	
4464878	1025548	cantonesespoken	CC BY 4.0	
4465799	1036745	cantonesespoken	CC BY 4.0	
4465800	1036746	cantonesespoken	CC BY 4.0	
4465802	1036747	cantonesespoken	CC BY 4.0	
4465805	1036748	cantonesespoken	CC BY 4.0	
4465806	1025549	cantonesespoken	CC BY 4.0	
4465808	1036749	cantonesespoken	CC BY 4.0	
4465814	1000382	cantonesespoken	CC BY 4.0	
4465819	1000383	cantonesespoken	CC BY 4.0	
4465820	1000384	cantonesespoken	CC BY 4.0	
4465822	1036750	cantonesespoken	CC BY 4.0	
4465828	1036751	cantonesespoken	CC BY 4.0	
4465830	1036752	cantonesespoken	CC BY 4.0	
4465833	1036753	cantonesespoken	CC BY 4.0	
4465839	1036754	cantonesespoken	CC BY 4.0	
4465841	1025550	cantonesespoken	CC BY 4.0	
4465844	1025551	cantonesespoken	CC BY 4.0	
4465846	1025552	cantonesespoken	CC BY 4.0	
4534016	1025553	cantonesespoken	CC BY 4.0	
4534018	1036755	cantonesespoken	CC BY 4.0	
4534019	1000385	cantonesespoken	CC BY 4.0	
4534024	1025554	cantonesespoken	CC BY 4.0	
4534026	1036756	cantonesespoken	CC BY 4.0	
4534029	1036757	cantonesespoken	CC BY 4.0	
4534082	1000386	cantonesespoken	CC BY 4.0	
4534084	1000387	cantonesespoken	CC BY 4.0	
4534094	1025555	cantonesespoken	CC BY 4.0	
4534095	1000388	cantonesespoken	CC BY 4.0	
4534104	1036758	cantonesespoken	CC BY 4.0	
4534105	1036759	cantonesespoken	CC BY 4.0	
4534109	1000389	cantonesespoken	CC BY 4.0	
4534112	1036760	cantonesespoken	CC BY 4.0	
4534113	1036761	cantonesespoken	CC BY 4.0	
4544215	1036762	cantonesespoken	CC BY 4.0	
4544217	1036763	cantonesespoken	CC BY 4.0	
4544222	1036764	cantonesespoken	CC BY 4.0	
4544228	1036765	cantonesespoken	CC BY 4.0	
4544229	1000390	cantonesespoken	CC BY 4.0	
4544230	1000391	cantonesespoken	CC BY 4.0	
4544241	1000392	cantonesespoken	CC BY 4.0	
4544244	1000393	cantonesespoken	CC BY 4.0	
4544249	1025556	cantonesespoken	CC BY 4.0	
4544269	1036766	cantonesespoken	CC BY 4.0	
4544272	1036767	cantonesespoken	CC BY 4.0	
4544275	1036768	cantonesespoken	CC BY 4.0	
4544279	1000394	cantonesespoken	CC BY 4.0	
4544283	1000395	cantonesespoken	CC BY 4.0	
4544289	1025557	cantonesespoken	CC BY 4.0	
4544291	1000396	cantonesespoken	CC BY 4.0	
4544297	1036769	cantonesespoken	CC BY 4.0	
4544301	1036770	cantonesespoken	CC BY 4.0	
4544317	1036771	cantonesespoken	CC BY 4.0	
4544321	1036772	cantonesespoken	CC BY 4.0	
4544327	1036773	cantonesespoken	CC BY 4.0	
4544329	1000397	cantonesespoken	CC BY 4.0	
4544330	1036774	cantonesespoken	CC BY 4.0	
4544335	1000398	cantonesespoken	CC BY 4.0	
4544336	1025558	cantonesespoken	CC BY 4.0	
4544343	1036775	cantonesespoken	CC BY 4.0	
4544348	1000399	cantonesespoken	CC BY 4.0	
4544349	1025559	cantonesespoken	CC BY 4.0	
4544350	1025560	cantonesespoken	CC BY 4.0	
4544380	1036776	cantonesespoken	CC BY 4.0	
4544381	1036777	cantonesespoken	CC BY 4.0	
4544382	1025561	cantonesespoken	CC BY 4.0	
4544384	1036778	cantonesespoken	CC BY 4.0	
4544385	1036779	cantonesespoken	CC BY 4.0	
4646171	1025562	cantonesespoken	CC BY 4.0	
4646189	1025563	cantonesespoken	CC BY 4.0	
4646192	1036780	cantonesespoken	CC BY 4.0	
4646201	1025564	cantonesespoken	CC BY 4.0	
4646209	1036781	cantonesespoken	CC BY 4.0	
4646222	1036782	cantonesespoken	CC BY 4.0	
4646224	1025565	cantonesespoken	CC BY 4.0	
4646227	1036783	cantonesespoken	CC BY 4.0	
4646233	1036784	cantonesespoken	CC BY 4.0	
4646235	1025566	cantonesespoken	CC BY 4.0	
4646237	1025567	cantonesespoken	CC BY 4.0	
4646266	1036785	cantonesespoken	CC BY 4.0	
4646271	1036786	cantonesespoken	CC BY 4.0	
4646273	1000400	cantonesespoken	CC BY 4.0	
4646276	1036787	cantonesespoken	CC BY 4.0	
4646277	1036788	cantonesespoken	CC BY 4.0	
4646280	1036789	cantonesespoken	CC BY 4.0	
4646288	1000401	cantonesespoken	CC BY 4.0	
4646292	1036790	cantonesespoken	CC BY 4.0	
4646295	1025568	cantonesespoken	CC BY 4.0	
4646313	1025569	cantonesespoken	CC BY 4.0	
4646314	1025570	cantonesespoken	CC BY 4.0	
4646332	1025571	cantonesespoken	CC BY 4.0	
4646336	1025572	cantonesespoken	CC BY 4.0	
4646343	1036791	cantonesespoken	CC BY 4.0	
4646346	1036792	cantonesespoken	CC BY 4.0	
4646356	1036793	cantonesespoken	CC BY 4.0	
4646358	1036794	cantonesespoken	CC BY 4.0	
4646363	1036795	cantonesespoken	CC BY 4.0	
4675907	1000402	cantonesespoken	CC BY 4.0	
4675912	1000403	cantonesespoken	CC BY 4.0	
4675914	1025573	cantonesespoken	CC BY 4.0	
4675920	1025574	cantonesespoken	CC BY 4.0	
4675927	1036796	cantonesespoken	CC BY 4.0	
4675929	1036797	cantonesespoken	CC BY 4.0	
4675936	1000404	cantonesespoken	CC BY 4.0	
4675938	1000405	cantonesespoken	CC BY 4.0	
4675941	1000406	cantonesespoken	CC BY 4.0	
4675944	1025575	cantonesespoken	CC BY 4.0	
4675948	1025576	cantonesespoken	CC BY 4.0	
4675951	1036798	cantonesespoken	CC BY 4.0	
4675956	1036799	cantonesespoken	CC BY 4.0	
4675961	1025577	cantonesespoken	CC BY 4.0	
4675965	1025578	cantonesespoken	CC BY 4.0	
4675968	1036800	cantonesespoken	CC BY 4.0	
4675969	1000407	cantonesespoken	CC BY 4.0	
4675971	1036801	cantonesespoken	CC BY 4.0	
4675974	1036802	cantonesespoken	CC BY 4.0	
4675981	1025579	cantonesespoken	CC BY 4.0	
4675982	1025580	cantonesespoken	CC BY 4.0	
4675985	1036803	cantonesespoken	CC BY 4.0	
4675986	1000408	cantonesespoken	CC BY 4.0	
4675989	1025581	cantonesespoken	CC BY 4.0	
4675991	1036804	cantonesespoken	CC BY 4.0	
4675995	1025582	cantonesespoken	CC BY 4.0	
4675997	1025583	cantonesespoken	CC BY 4.0	
4675999	1036805	cantonesespoken	CC BY 4.0	
4676001	1000409	cantonesespoken	CC BY 4.0	
4676004	1036806	cantonesespoken	CC BY 4.0	
4676005	1000410	cantonesespoken	CC BY 4.0	
4676007	1036807	cantonesespoken	CC BY 4.0	
4676014	1025584	cantonesespoken	CC BY 4.0	
4676016	1000411	cantonesespoken	CC BY 4.0	
4676018	1036808	cantonesespoken	CC BY 4.0	
4676020	1036809	cantonesespoken	CC BY 4.0	
4676022	1000412	cantonesespoken	CC BY 4.0	
4676026	1036810	cantonesespoken	CC BY 4.0	
4676028	1036811	cantonesespoken	CC BY 4.0	
4676029	1000413	cantonesespoken	CC BY 4.0	
4676030	1025585	cantonesespoken	CC BY 4.0	
4778563	1036812	cantonesespoken	CC BY 4.0	
4778564	1000414	cantonesespoken	CC BY 4.0	
4778566	1000415	cantonesespoken	CC BY 4.0	
4778567	1000416	cantonesespoken	CC BY 4.0	
4778568	1000417	cantonesespoken	CC BY 4.0	
4778569	1036813	cantonesespoken	CC BY 4.0	
4778574	1036814	cantonesespoken	CC BY 4.0	
4778579	1036815	cantonesespoken	CC BY 4.0	
4778581	1000418	cantonesespoken	CC BY 4.0	
4778582	1000419	cantonesespoken	CC BY 4.0	
4778583	1000420	cantonesespoken	CC BY 4.0	
4778589	1000421	cantonesespoken	CC BY 4.0	
4778590	1036816	cantonesespoken	CC BY 4.0	
4778592	1000422	cantonesespoken	CC BY 4.0	
4778593	1025586	cantonesespoken	CC BY 4.0	
4778597	1036817	cantonesespoken	CC BY 4.0	
4778601	1025587	cantonesespoken	CC BY 4.0	
4778603	1025588	cantonesespoken	CC BY 4.0	
4778604	1000423	cantonesespoken	CC BY 4.0	
4778610	1000424	cantonesespoken	CC BY 4.0	
4778613	1036818	cantonesespoken	CC BY 4.0	
4778615	1000425	cantonesespoken	CC BY 4.0	
4778617	1000426	cantonesespoken	CC BY 4.0	
4778619	1036819	cantonesespoken	CC BY 4.0	
4778624	1036820	cantonesespoken	CC BY 4.0	
4778627	1000427	cantonesespoken	CC BY 4.0	
4778628	1000428	cantonesespoken	CC BY 4.0	
4778630	1000429	cantonesespoken	CC BY 4.0	
4826742	1000430	cantonesespoken	CC BY 4.0	
4826762	1000431	cantonesespoken	CC BY 4.0	
4826763	1025589	cantonesespoken	CC BY 4.0	
4826764	1036821	cantonesespoken	CC BY 4.0	
4826766	1000432	cantonesespoken	CC BY 4.0	
4826767	1000433	cantonesespoken	CC BY 4.0	
4826768	1025590	cantonesespoken	CC BY 4.0	
4826769	1000434	cantonesespoken	CC BY 4.0	
4826770	1025591	cantonesespoken	CC BY 4.0	
4826776	1036822	cantonesespoken	CC BY 4.0	
4826778	1025592	cantonesespoken	CC BY 4.0	
4826799	1025593	cantonesespoken	CC BY 4.0	
4826805	1025594	cantonesespoken	CC BY 4.0	
4826809	1025595	cantonesespoken	CC BY 4.0	
4826811	1000435	cantonesespoken	CC BY 4.0	
4826813	1000436	cantonesespoken	CC BY 4.0	
4826822	1036823	cantonesespoken	CC BY 4.0	
4826824	1036824	cantonesespoken	CC BY 4.0	
4826829	1036825	cantonesespoken	CC BY 4.0	
4826840	1036826	cantonesespoken	CC BY 4.0	
4826841	1000437	cantonesespoken	CC BY 4.0	
4826842	1000438	cantonesespoken	CC BY 4.0	
4826843	1025596	cantonesespoken	CC BY 4.0	
4826846	1036827	cantonesespoken	CC BY 4.0	
4826850	1025597	cantonesespoken	CC BY 4.0	
4826852	1025598	cantonesespoken	CC BY 4.0	
4826854	1036828	cantonesespoken	CC BY 4.0	
4826860	1025599	cantonesespoken	CC BY 4.0	
4826863	1036829	cantonesespoken	CC BY 4.0	
4826865	1036830	cantonesespoken	CC BY 4.0	
4826866	1036831	cantonesespoken	CC BY 4.0	
4826867	1025600	cantonesespoken	CC BY 4.0	
4826879	1025601	cantonesespoken	CC BY 4.0	
4826880	1036832	cantonesespoken	CC BY 4.0	
4826885	1025602	cantonesespoken	CC BY 4.0	
4826888	1036833	cantonesespoken	CC BY 4.0	
4826896	1036834	cantonesespoken	CC BY 4.0	
4826899	1038783	cantonesespoken	CC BY 4.0	
4933259	1038784	cantonesespoken	CC BY 4.0	
5221130	1000439	cantonesespoken	CC BY 4.0	
5221135	1025603	cantonesespoken	CC BY 4.0	
5221138	1025604	cantonesespoken	CC BY 4.0	
5221141	1025605	cantonesespoken	CC BY 4.0	
5221142	1025606	cantonesespoken	CC BY 4.0	
5221143	1025607	cantonesespoken	CC BY 4.0	
5221146	1007690	cantonesespoken	CC BY 4.0	
5221147	1007691	cantonesespoken	CC BY 4.0	
5221149	1036835	cantonesespoken	CC BY 4.0	
5221154	1036836	cantonesespoken	CC BY 4.0	
5221156	1025608	cantonesespoken	CC BY 4.0	
5221157	1036837	cantonesespoken	CC BY 4.0	
5221159	1036838	cantonesespoken	CC BY 4.0	
5221160	1036839	cantonesespoken	CC BY 4.0	
5221162	1000440	cantonesespoken	CC BY 4.0	
5221163	1036840	cantonesespoken	CC BY 4.0	
5221176	1000441	cantonesespoken	CC BY 4.0	
5221177	1000442	cantonesespoken	CC BY 4.0	
5221178	1000443	cantonesespoken	CC BY 4.0	
5221182	1036841	cantonesespoken	CC BY 4.0	
5221194	1025609	cantonesespoken	CC BY 4.0	
5221208	1000444	cantonesespoken	CC BY 4.0	
5221209	1000445	cantonesespoken	CC BY 4.0	
5221210	1036842	cantonesespoken	CC BY 4.0	
5221214	1036843	cantonesespoken	CC BY 4.0	
5221216	1036844	cantonesespoken	CC BY 4.0	
5221233	1000446	cantonesespoken	CC BY 4.0	
5221234	1036845	cantonesespoken	CC BY 4.0	
5221239	1025610	cantonesespoken	CC BY 4.0	
5221240	1000447	cantonesespoken	CC BY 4.0	
5238147	1038785	cantonesespoken	CC BY 4.0	
5238154	1038786	cantonesespoken	CC BY 4.0	
5355292	1042315	cantonesespoken	CC BY 4.0	
5355306	1025611	cantonesespoken	CC BY 4.0	
5355307	1025612	cantonesespoken	CC BY 4.0	
5355311	1036846	cantonesespoken	CC BY 4.0	
5355316	994371	cantonesespoken	CC BY 4.0	
5355317	1036847	cantonesespoken	CC BY 4.0	
5355323	1036848	cantonesespoken	CC BY 4.0	
5355325	1036849	cantonesespoken	CC BY 4.0	
5355330	1036850	cantonesespoken	CC BY 4.0	
5355332	1038787	cantonesespoken	CC BY 4.0	
5355335	1036851	cantonesespoken	CC BY 4.0	
5355338	1025613	cantonesespoken	CC BY 4.0	
5355340	994372	cantonesespoken	CC BY 4.0	
5355341	996831	cantonesespoken	CC BY 4.0	
5355343	1038788	cantonesespoken	CC BY 4.0	
5355346	1038789	cantonesespoken	CC BY 4.0	
5355351	996832	cantonesespoken	CC BY 4.0	
5355353	1036852	cantonesespoken	CC BY 4.0	
5355355	1038790	cantonesespoken	CC BY 4.0	
5355356	1025614	cantonesespoken	CC BY 4.0	
5355357	1036853	cantonesespoken	CC BY 4.0	
5355358	996833	cantonesespoken	CC BY 4.0	
5355360	1025615	cantonesespoken	CC BY 4.0	
5355362	1025616	cantonesespoken	CC BY 4.0	
5355364	1025617	cantonesespoken	CC BY 4.0	
5359781	994373	cantonesespoken	CC BY 4.0	
5359782	990522	cantonesespoken	CC BY 4.0	
5359785	1036854	cantonesespoken	CC BY 4.0	
5359788	996834	cantonesespoken	CC BY 4.0	
5359809	1025618	cantonesespoken	CC BY 4.0	
5359832	1038791	cantonesespoken	CC BY 4.0	
5359833	996835	cantonesespoken	CC BY 4.0	
5359849	1038792	cantonesespoken	CC BY 4.0	
5359861	1036855	cantonesespoken	CC BY 4.0	
5359864	996836	cantonesespoken	CC BY 4.0	
5359870	1036856	cantonesespoken	CC BY 4.0	
5359877	1025619	cantonesespoken	CC BY 4.0	
5359881	1025620	cantonesespoken	CC BY 4.0	
5359884	996837	cantonesespoken	CC BY 4.0	
5359885	1038793	cantonesespoken	CC BY 4.0	
5359886	1025621	cantonesespoken	CC BY 4.0	
5359887	1025622	cantonesespoken	CC BY 4.0	
5359893	1036857	cantonesespoken	CC BY 4.0	
5359895	1036858	cantonesespoken	CC BY 4.0	
5359898	1036859	cantonesespoken	CC BY 4.0	
5359906	1036860	cantonesespoken	CC BY 4.0	
5359936	996838	cantonesespoken	CC BY 4.0	
5359939	1036861	cantonesespoken	CC BY 4.0	
5360849	994374	cantonesespoken	CC BY 4.0	
5360850	996839	cantonesespoken	CC BY 4.0	
5360851	996840	cantonesespoken	CC BY 4.0	
5360854	996841	cantonesespoken	CC BY 4.0	
5360855	1036862	cantonesespoken	CC BY 4.0	
5360857	1025623	cantonesespoken	CC BY 4.0	
5360858	1025624	cantonesespoken	CC BY 4.0	
5360859	1038794	cantonesespoken	CC BY 4.0	
5360862	994375	cantonesespoken	CC BY 4.0	
5360864	994376	cantonesespoken	CC BY 4.0	
5360896	1036863	cantonesespoken	CC BY 4.0	
5360900	1025625	cantonesespoken	CC BY 4.0	
5360901	1038795	cantonesespoken	CC BY 4.0	
5360905	1036864	cantonesespoken	CC BY 4.0	
5360907	1036865	cantonesespoken	CC BY 4.0	
5360914	994377	cantonesespoken	CC BY 4.0	
5360915	1036866	cantonesespoken	CC BY 4.0	
5360916	1025626	cantonesespoken	CC BY 4.0	
5360932	1036867	cantonesespoken	CC BY 4.0	
5360935	1038796	cantonesespoken	CC BY 4.0	
5360937	994378	cantonesespoken	CC BY 4.0	
5360940	996842	cantonesespoken	CC BY 4.0	
5360945	1038797	cantonesespoken	CC BY 4.0	
5373631	1038798	cantonesespoken	CC BY 4.0	
5373648	1025627	cantonesespoken	CC BY 4.0	
5373649	996843	cantonesespoken	CC BY 4.0	
5373653	990523	cantonesespoken	CC BY 4.0	
5373654	1025628	cantonesespoken	CC BY 4.0	
5373655	1025629	cantonesespoken	CC BY 4.0	
5373667	1036868	cantonesespoken	CC BY 4.0	
5373668	1036869	cantonesespoken	CC BY 4.0	
5373686	1025630	cantonesespoken	CC BY 4.0	
5373688	1025631	cantonesespoken	CC BY 4.0	
5374502	1025632	cantonesespoken	CC BY 4.0	
5374514	1036870	cantonesespoken	CC BY 4.0	
5374516	1038799	cantonesespoken	CC BY 4.0	
5374518	996844	cantonesespoken	CC BY 4.0	
5374519	996845	cantonesespoken	CC BY 4.0	
5374520	1036871	cantonesespoken	CC BY 4.0	
5374523	1025633	cantonesespoken	CC BY 4.0	
5374525	994379	cantonesespoken	CC BY 4.0	
5374526	996846	cantonesespoken	CC BY 4.0	
5374567	1038800	cantonesespoken	CC BY 4.0	
5374568	996847	cantonesespoken	CC BY 4.0	
5374575	1025634	cantonesespoken	CC BY 4.0	
5374578	1038801	cantonesespoken	CC BY 4.0	
5375359	1025635	cantonesespoken	CC BY 4.0	
5375361	996848	cantonesespoken	CC BY 4.0	
5375366	996849	cantonesespoken	CC BY 4.0	
5375382	1025636	cantonesespoken	CC BY 4.0	
5375389	1038802	cantonesespoken	CC BY 4.0	
5375394	1025637	cantonesespoken	CC BY 4.0	
5375397	996850	cantonesespoken	CC BY 4.0	
5375398	996851	cantonesespoken	CC BY 4.0	
5375399	1025638	cantonesespoken	CC BY 4.0	
5375402	1036872	cantonesespoken	CC BY 4.0	
5375406	1038803	cantonesespoken	CC BY 4.0	
5375408	1036873	cantonesespoken	CC BY 4.0	
5375412	1036874	cantonesespoken	CC BY 4.0	
5375413	1025639	cantonesespoken	CC BY 4.0	
5387016	1038804	cantonesespoken	CC BY 4.0	
5387019	1038805	cantonesespoken	CC BY 4.0	
5387029	1025640	cantonesespoken	CC BY 4.0	
5641388	1007692	cantonesespoken	CC BY 4.0	
5641393	1000448	cantonesespoken	CC BY 4.0	
5641395	1036875	cantonesespoken	CC BY 4.0	
5641402	1036876	cantonesespoken	CC BY 4.0	
5641403	1036877	cantonesespoken	CC BY 4.0	
5641406	1036878	cantonesespoken	CC BY 4.0	
5641408	1025641	cantonesespoken	CC BY 4.0	
5641413	1036879	cantonesespoken	CC BY 4.0	
5729984	1025642	cantonesespoken	CC BY 4.0	
5729986	1036880	cantonesespoken	CC BY 4.0	
5729988	1036881	cantonesespoken	CC BY 4.0	
5729989	1036882	cantonesespoken	CC BY 4.0	
5729992	996852	cantonesespoken	CC BY 4.0	
5729995	1038806	cantonesespoken	CC BY 4.0	
5729996	1038807	cantonesespoken	CC BY 4.0	
5729997	1025643	cantonesespoken	CC BY 4.0	
5730002	1000449	cantonesespoken	CC BY 4.0	
5730003	1025644	cantonesespoken	CC BY 4.0	
5730007	1036883	cantonesespoken	CC BY 4.0	
5730009	1038808	cantonesespoken	CC BY 4.0	
5730013	1038809	cantonesespoken	CC BY 4.0	
5730015	1025645	cantonesespoken	CC BY 4.0	
5730023	990524	cantonesespoken	CC BY 4.0	
5730025	1025646	cantonesespoken	CC BY 4.0	
5730029	1025647	cantonesespoken	CC BY 4.0	
5730030	1025648	cantonesespoken	CC BY 4.0	
5730031	1025649	cantonesespoken	CC BY 4.0	
5733409	1025650	cantonesespoken	CC BY 4.0	
5733421	1025651	cantonesespoken	CC BY 4.0	
5733423	1000450	cantonesespoken	CC BY 4.0	
5733426	1038810	cantonesespoken	CC BY 4.0	
5733427	994380	cantonesespoken	CC BY 4.0	
5733455	1038811	cantonesespoken	CC BY 4.0	
5734077	1025652	cantonesespoken	CC BY 4.0	
5734080	996853	cantonesespoken	CC BY 4.0	
5734084	994381	cantonesespoken	CC BY 4.0	
5734091	1025653	cantonesespoken	CC BY 4.0	
5734101	1000451	cantonesespoken	CC BY 4.0	
5734105	1038812	cantonesespoken	CC BY 4.0	
5734106	1038813	cantonesespoken	CC BY 4.0	
5734107	1036884	cantonesespoken	CC BY 4.0	
5734131	1025654	cantonesespoken	CC BY 4.0	
5734156	1025655	cantonesespoken	CC BY 4.0	
5734184	1025656	cantonesespoken	CC BY 4.0	
5734759	1038814	cantonesespoken	CC BY 4.0	
5734761	1000452	cantonesespoken	CC BY 4.0	
5734764	990525	cantonesespoken	CC BY 4.0	
5734810	1036885	cantonesespoken	CC BY 4.0	
5734819	1038815	cantonesespoken	CC BY 4.0	
5734827	1025657	cantonesespoken	CC BY 4.0	
5734829	1025658	cantonesespoken	CC BY 4.0	
5734833	1038816	cantonesespoken	CC BY 4.0	
5734906	1025659	cantonesespoken	CC BY 4.0	
5734920	1036886	cantonesespoken	CC BY 4.0	
5735066	1025660	cantonesespoken	CC BY 4.0	
5735083	1025661	cantonesespoken	CC BY 4.0	
5735097	1036887	cantonesespoken	CC BY 4.0	
5735121	1025662	cantonesespoken	CC BY 4.0	
5735123	1000453	cantonesespoken	CC BY 4.0	
5735125	990526	cantonesespoken	CC BY 4.0	
5735136	1025663	cantonesespoken	CC BY 4.0	
5735137	1025664	cantonesespoken	CC BY 4.0	
5735140	1036888	cantonesespoken	CC BY 4.0	
5735149	1036889	cantonesespoken	CC BY 4.0	
5735151	1036890	cantonesespoken	CC BY 4.0	
5738653	1025665	cantonesespoken	CC BY 4.0	
5738677	1025666	cantonesespoken	CC BY 4.0	
5761042	1038817	cantonesespoken	CC BY 4.0	
5761047	1000454	cantonesespoken	CC BY 4.0	
5761048	1000455	cantonesespoken	CC BY 4.0	
5761061	1038818	cantonesespoken	CC BY 4.0	
5761063	990527	cantonesespoken	CC BY 4.0	
5761066	1025667	cantonesespoken	CC BY 4.0	
5761068	1036891	cantonesespoken	CC BY 4.0	
5761074	1025668	cantonesespoken	CC BY 4.0	
5761076	1038819	cantonesespoken	CC BY 4.0	
5761077	1025669	cantonesespoken	CC BY 4.0	
5761079	1038820	cantonesespoken	CC BY 4.0	
5761081	1025670	cantonesespoken	CC BY 4.0	
5761086	1025671	cantonesespoken	CC BY 4.0	
5761090	1025672	cantonesespoken	CC BY 4.0	
5761091	1025673	cantonesespoken	CC BY 4.0	
5761099	1025674	cantonesespoken	CC BY 4.0	
5761113	1025675	cantonesespoken	CC BY 4.0	
5761121	1025676	cantonesespoken	CC BY 4.0	
5761127	1025677	cantonesespoken	CC BY 4.0	
5761130	1038821	cantonesespoken	CC BY 4.0	
5761131	994382	cantonesespoken	CC BY 4.0	
5761138	1036892	cantonesespoken	CC BY 4.0	
5761145	1038822	cantonesespoken	CC BY 4.0	
5761153	1025678	cantonesespoken	CC BY 4.0	
5761158	1025679	cantonesespoken	CC BY 4.0	
5761163	1038823	cantonesespoken	CC BY 4.0	
5761176	1025680	cantonesespoken	CC BY 4.0	
5761197	1036893	cantonesespoken	CC BY 4.0	
5761198	1000456	cantonesespoken	CC BY 4.0	
5761203	1025681	cantonesespoken	CC BY 4.0	
5761205	994383	cantonesespoken	CC BY 4.0	
5761217	1036894	cantonesespoken	CC BY 4.0	
5761248	1000457	cantonesespoken	CC BY 4.0	
5761381	1025682	cantonesespoken	CC BY 4.0	
5761384	994384	cantonesespoken	CC BY 4.0	
5761387	1025683	cantonesespoken	CC BY 4.0	
5763132	994385	cantonesespoken	CC BY 4.0	
5763137	1036895	cantonesespoken	CC BY 4.0	
5763164	1036896	cantonesespoken	CC BY 4.0	
5763173	1036897	cantonesespoken	CC BY 4.0	
5763175	1036898	cantonesespoken	CC BY 4.0	
5774594	1025684	cantonesespoken	CC BY 4.0	
5774599	1036899	cantonesespoken	CC BY 4.0	
5774600	1000458	cantonesespoken	CC BY 4.0	
5774644	1038824	cantonesespoken	CC BY 4.0	
5774646	1025685	cantonesespoken	CC BY 4.0	
5774648	1038825	cantonesespoken	CC BY 4.0	
5774650	1036900	cantonesespoken	CC BY 4.0	
5774659	1036901	cantonesespoken	CC BY 4.0	
5774662	1038826	cantonesespoken	CC BY 4.0	
5774666	1025686	cantonesespoken	CC BY 4.0	
5774675	1036902	cantonesespoken	CC BY 4.0	
5774687	1038827	cantonesespoken	CC BY 4.0	
5777443	1025687	cantonesespoken	CC BY 4.0	
5777444	1025688	cantonesespoken	CC BY 4.0	
5777457	1025689	cantonesespoken	CC BY 4.0	
5777471	1000459	cantonesespoken	CC BY 4.0	
5777477	990528	cantonesespoken	CC BY 4.0	
5777478	1025690	cantonesespoken	CC BY 4.0	
5792952	1025691	cantonesespoken	CC BY 4.0	
5792957	1036903	cantonesespoken	CC BY 4.0	
5792970	1025692	cantonesespoken	CC BY 4.0	
5792975	1025693	cantonesespoken	CC BY 4.0	
5793000	1025694	cantonesespoken	CC BY 4.0	
5794839	1025695	cantonesespoken	CC BY 4.0	
5794856	1042304	cantonesespoken	CC BY 4.0	
5794859	1038828	cantonesespoken	CC BY 4.0	
5794867	1036904	cantonesespoken	CC BY 4.0	
5794875	1025696	cantonesespoken	CC BY 4.0	
5794880	1025697	cantonesespoken	CC BY 4.0	
5794905	1025698	cantonesespoken	CC BY 4.0	
5794921	990529	cantonesespoken	CC BY 4.0	
5794926	1000460	cantonesespoken	CC BY 4.0	
5794936	1036905	cantonesespoken	CC BY 4.0	
5794960	1025699	cantonesespoken	CC BY 4.0	
5794962	1038829	cantonesespoken	CC BY 4.0	
5794978	1036906	cantonesespoken	CC BY 4.0	
5794981	1025700	cantonesespoken	CC BY 4.0	
5794984	1025701	cantonesespoken	CC BY 4.0	
5794987	1036907	cantonesespoken	CC BY 4.0	
5794989	1025702	cantonesespoken	CC BY 4.0	
5795001	1025703	cantonesespoken	CC BY 4.0	
5795010	990530	cantonesespoken	CC BY 4.0	
5795023	1025704	cantonesespoken	CC BY 4.0	
5795025	1025705	cantonesespoken	CC BY 4.0	
5795027	1025706	cantonesespoken	CC BY 4.0	
5795036	1038830	cantonesespoken	CC BY 4.0	
5795039	1036908	cantonesespoken	CC BY 4.0	
5795052	1036909	cantonesespoken	CC BY 4.0	
5795361	1036910	cantonesespoken	CC BY 4.0	
5795366	1000461	cantonesespoken	CC BY 4.0	
5795367	1000462	cantonesespoken	CC BY 4.0	
5795773	1000463	cantonesespoken	CC BY 4.0	
5795795	1025707	cantonesespoken	CC BY 4.0	
5795801	990531	cantonesespoken	CC BY 4.0	
5795803	1000464	cantonesespoken	CC BY 4.0	
5795805	1038831	cantonesespoken	CC BY 4.0	
5795806	990532	cantonesespoken	CC BY 4.0	
5795810	1025708	cantonesespoken	CC BY 4.0	
5795811	990533	cantonesespoken	CC BY 4.0	
5795812	994386	cantonesespoken	CC BY 4.0	
5795815	990534	cantonesespoken	CC BY 4.0	
5795816	1000465	cantonesespoken	CC BY 4.0	
5795818	1007693	cantonesespoken	CC BY 4.0	
5795820	1025709	cantonesespoken	CC BY 4.0	
5795821	1007694	cantonesespoken	CC BY 4.0	
5795822	994387	cantonesespoken	CC BY 4.0	
5795823	1025710	cantonesespoken	CC BY 4.0	
5795825	1007695	cantonesespoken	CC BY 4.0	
5795826	1007696	cantonesespoken	CC BY 4.0	
5795827	1025711	cantonesespoken	CC BY 4.0	
5795829	1007697	cantonesespoken	CC BY 4.0	
5795830	1025712	cantonesespoken	CC BY 4.0	
5795837	1025713	cantonesespoken	CC BY 4.0	
5795857	1025714	cantonesespoken	CC BY 4.0	
5797621	1025715	cantonesespoken	CC BY 4.0	
5797622	1036911	cantonesespoken	CC BY 4.0	
5797625	1036912	cantonesespoken	CC BY 4.0	
5797629	990535	cantonesespoken	CC BY 4.0	
5797638	1025716	cantonesespoken	CC BY 4.0	
5797646	1007698	cantonesespoken	CC BY 4.0	
5797648	1025717	cantonesespoken	CC BY 4.0	
5797650	1036913	cantonesespoken	CC BY 4.0	
5797651	1036914	cantonesespoken	CC BY 4.0	
5797668	1025718	cantonesespoken	CC BY 4.0	
5797669	1036915	cantonesespoken	CC BY 4.0	
5798470	1036916	cantonesespoken	CC BY 4.0	
5798478	994388	cantonesespoken	CC BY 4.0	
5798479	1025719	cantonesespoken	CC BY 4.0	
5798491	1025720	cantonesespoken	CC BY 4.0	
5798500	1025721	cantonesespoken	CC BY 4.0	
5798502	1025722	cantonesespoken	CC BY 4.0	
5798504	1007699	cantonesespoken	CC BY 4.0	
5798505	1007700	cantonesespoken	CC BY 4.0	
5798506	1007701	cantonesespoken	CC BY 4.0	
5798525	1038832	cantonesespoken	CC BY 4.0	
5798537	1025723	cantonesespoken	CC BY 4.0	
5798935	1025724	cantonesespoken	CC BY 4.0	
5803865	1036917	cantonesespoken	CC BY 4.0	
5803888	994389	cantonesespoken	CC BY 4.0	
5803968	1025725	cantonesespoken	CC BY 4.0	
5804536	1025726	cantonesespoken	CC BY 4.0	
5804872	1025727	cantonesespoken	CC BY 4.0	
5804873	1025728	cantonesespoken	CC BY 4.0	
5812201	1038833	cantonesespoken	CC BY 4.0	
5921049	1007702	cantonesespoken	CC BY 4.0	
5921052	994390	cantonesespoken	CC BY 4.0	
5921067	1007703	cantonesespoken	CC BY 4.0	
5928563	1025729	cantonesespoken	CC BY 4.0	
5928588	1025730	cantonesespoken	CC BY 4.0	
5942690	1038834	cantonesespoken	CC BY 4.0	
5942692	1038835	cantonesespoken	CC BY 4.0	
5942708	1038836	cantonesespoken	CC BY 4.0	
5943323	1007704	cantonesespoken	CC BY 4.0	
5943357	1025731	cantonesespoken	CC BY 4.0	
5943364	994391	cantonesespoken	CC BY 4.0	
5943368	994392	cantonesespoken	CC BY 4.0	
5943379	1036918	cantonesespoken	CC BY 4.0	
5943394	1038837	cantonesespoken	CC BY 4.0	
5949011	1007705	cantonesespoken	CC BY 4.0	
5949121	1007706	cantonesespoken	CC BY 4.0	
5949201	1025732	cantonesespoken	CC BY 4.0	
5949202	1036919	cantonesespoken	CC BY 4.0	
5949203	1025733	cantonesespoken	CC BY 4.0	
5949207	994393	cantonesespoken	CC BY 4.0	
5949216	1036920	cantonesespoken	CC BY 4.0	
5949218	1025734	cantonesespoken	CC BY 4.0	
5949221	1025735	cantonesespoken	CC BY 4.0	
5949224	1036921	cantonesespoken	CC BY 4.0	
5949236	1025736	cantonesespoken	CC BY 4.0	
5949237	1036922	cantonesespoken	CC BY 4.0	
5949241	1025737	cantonesespoken	CC BY 4.0	
5949255	1036923	cantonesespoken	CC BY 4.0	
5949256	1036924	cantonesespoken	CC BY 4.0	
5949257	1025738	cantonesespoken	CC BY 4.0	
5949277	1025739	cantonesespoken	CC BY 4.0	
5952416	1036925	cantonesespoken	CC BY 4.0	
5953713	1025740	cantonesespoken	CC BY 4.0	
5953714	1007707	cantonesespoken	CC BY 4.0	
5953717	1025741	cantonesespoken	CC BY 4.0	
5953721	1025742	cantonesespoken	CC BY 4.0	
5953734	1036926	cantonesespoken	CC BY 4.0	
6005111	1036927	cantonesespoken	CC BY 4.0	
6005112	1007708	cantonesespoken	CC BY 4.0	
6005113	1036928	cantonesespoken	CC BY 4.0	
6005117	1025743	cantonesespoken	CC BY 4.0	
6005118	1036929	cantonesespoken	CC BY 4.0	
6005127	1036930	cantonesespoken	CC BY 4.0	
6005129	1036931	cantonesespoken	CC BY 4.0	
6005130	1036932	cantonesespoken	CC BY 4.0	
6005133	1007709	cantonesespoken	CC BY 4.0	
6005134	1036933	cantonesespoken	CC BY 4.0	
6005136	1025744	cantonesespoken	CC BY 4.0	
6005137	1036934	cantonesespoken	CC BY 4.0	
6005138	1036935	cantonesespoken	CC BY 4.0	
6082050	1036936	cantonesespoken	CC BY 4.0	
6082079	1025745	cantonesespoken	CC BY 4.0	
6082080	1038838	cantonesespoken	CC BY 4.0	
6082081	1025746	cantonesespoken	CC BY 4.0	
6082097	1036937	cantonesespoken	CC BY 4.0	
6082103	1025747	cantonesespoken	CC BY 4.0	
6082104	1025748	cantonesespoken	CC BY 4.0	
6082242	1025749	cantonesespoken	CC BY 4.0	
6082288	1036938	cantonesespoken	CC BY 4.0	
6082290	1025750	cantonesespoken	CC BY 4.0	
6082308	1007710	cantonesespoken	CC BY 4.0	
6082312	1025751	cantonesespoken	CC BY 4.0	
6082322	990536	cantonesespoken	CC BY 4.0	
6103436	1025752	cantonesespoken	CC BY 4.0	
6103457	1036939	cantonesespoken	CC BY 4.0	
6103462	1036940	cantonesespoken	CC BY 4.0	
6103463	1025753	cantonesespoken	CC BY 4.0	
6103465	1025754	cantonesespoken	CC BY 4.0	
6103467	994394	cantonesespoken	CC BY 4.0	
6103468	1036941	cantonesespoken	CC BY 4.0	
6103470	1025755	cantonesespoken	CC BY 4.0	
6103476	1025756	cantonesespoken	CC BY 4.0	
6103481	1025757	cantonesespoken	CC BY 4.0	
6103511	1036942	cantonesespoken	CC BY 4.0	
6103513	1036943	cantonesespoken	CC BY 4.0	
6103531	990537	cantonesespoken	CC BY 4.0	
6103533	1007711	cantonesespoken	CC BY 4.0	
6103539	1038839	cantonesespoken	CC BY 4.0	
6103552	1036944	cantonesespoken	CC BY 4.0	
6103554	1036945	cantonesespoken	CC BY 4.0	
6103558	994395	cantonesespoken	CC BY 4.0	
6103559	994396	cantonesespoken	CC BY 4.0	
6106582	1025758	cantonesespoken	CC BY 4.0	
6106944	1025759	cantonesespoken	CC BY 4.0	
6107085	1038840	cantonesespoken	CC BY 4.0	
6107140	1036946	cantonesespoken	CC BY 4.0	
6107152	1036947	cantonesespoken	CC BY 4.0	
6107254	994397	cantonesespoken	CC BY 4.0	
6108430	994398	cantonesespoken	CC BY 4.0	
6108431	1025760	cantonesespoken	CC BY 4.0	
6108442	1007712	cantonesespoken	CC BY 4.0	
6108443	1025761	cantonesespoken	CC BY 4.0	
6108444	1025762	cantonesespoken	CC BY 4.0	
6108445	1025763	cantonesespoken	CC BY 4.0	
6108450	1036948	cantonesespoken	CC BY 4.0	
6108453	1036949	cantonesespoken	CC BY 4.0	
6108466	1038841	cantonesespoken	CC BY 4.0	
6108470	990538	cantonesespoken	CC BY 4.0	
6108471	994399	cantonesespoken	CC BY 4.0	
6108475	1007713	cantonesespoken	CC BY 4.0	
6109482	994400	cantonesespoken	CC BY 4.0	
6109484	994401	cantonesespoken	CC BY 4.0	
6109485	1025764	cantonesespoken	CC BY 4.0	
6109486	1007714	cantonesespoken	CC BY 4.0	
6109487	1036950	cantonesespoken	CC BY 4.0	
6109490	1025765	cantonesespoken	CC BY 4.0	
6109493	1025766	cantonesespoken	CC BY 4.0	
6109494	1038842	cantonesespoken	CC BY 4.0	
6109500	994402	cantonesespoken	CC BY 4.0	
6116714	990539	cantonesespoken	CC BY 4.0	
6116716	1025767	cantonesespoken	CC BY 4.0	
6116836	1036951	cantonesespoken	CC BY 4.0	
6116908	1007715	cantonesespoken	CC BY 4.0	
6120113	994403	cantonesespoken	CC BY 4.0	
6120127	1036952	cantonesespoken	CC BY 4.0	
6120128	1036953	cantonesespoken	CC BY 4.0	
6120134	1036954	cantonesespoken	CC BY 4.0	
6127082	1025768	cantonesespoken	CC BY 4.0	
6127130	1025769	cantonesespoken	CC BY 4.0	
6318051	1036955	cantonesespoken	CC BY 4.0	
6318073	1036956	cantonesespoken	CC BY 4.0	
6318074	1036957	cantonesespoken	CC BY 4.0	
6362124	990540	cantonesespoken	CC BY 4.0	
6369794	990541	cantonesespoken	CC BY 4.0	
6467266	990542	cantonesespoken	CC BY 4.0	
6467304	1036958	cantonesespoken	CC BY 4.0	
6468558	990543	cantonesespoken	CC BY 4.0	
6468567	1025770	cantonesespoken	CC BY 4.0	
6474250	1025771	cantonesespoken	CC BY 4.0	
6474254	1025772	cantonesespoken	CC BY 4.0	
6474258	1025773	cantonesespoken	CC BY 4.0	
6474299	1025774	cantonesespoken	CC BY 4.0	
6475100	1025775	cantonesespoken	CC BY 4.0	
6475104	990544	cantonesespoken	CC BY 4.0	
6475105	990545	cantonesespoken	CC BY 4.0	
6475107	1007716	cantonesespoken	CC BY 4.0	
6475109	1025776	cantonesespoken	CC BY 4.0	
6475116	990546	cantonesespoken	CC BY 4.0	
6475117	994404	cantonesespoken	CC BY 4.0	
6475118	1036959	cantonesespoken	CC BY 4.0	
6475164	990547	cantonesespoken	CC BY 4.0	
6475167	994405	cantonesespoken	CC BY 4.0	
6475183	990548	cantonesespoken	CC BY 4.0	
6477759	1036960	cantonesespoken	CC BY 4.0	
6477762	1036961	cantonesespoken	CC BY 4.0	
6477768	1007717	cantonesespoken	CC BY 4.0	
6477776	1036962	cantonesespoken	CC BY 4.0	
6477806	994406	cantonesespoken	CC BY 4.0	
6477807	1007718	cantonesespoken	CC BY 4.0	
6477808	1007719	cantonesespoken	CC BY 4.0	
6477968	1036963	cantonesespoken	CC BY 4.0	
6477969	1036964	cantonesespoken	CC BY 4.0	
6478508	1038843	cantonesespoken	CC BY 4.0	
6479127	1036965	cantonesespoken	CC BY 4.0	
6479171	1036966	cantonesespoken	CC BY 4.0	
6479295	1025777	cantonesespoken	CC BY 4.0	
6479298	1036967	cantonesespoken	CC BY 4.0	
6480662	1007720	cantonesespoken	CC BY 4.0	
6480665	994407	cantonesespoken	CC BY 4.0	
6480688	1025778	cantonesespoken	CC BY 4.0	
6480882	994408	cantonesespoken	CC BY 4.0	
6480918	1025779	cantonesespoken	CC BY 4.0	
6480919	1025780	cantonesespoken	CC BY 4.0	
6480920	1025781	cantonesespoken	CC BY 4.0	
6481241	1036968	cantonesespoken	CC BY 4.0	
6481244	1025782	cantonesespoken	CC BY 4.0	
6481249	990549	cantonesespoken	CC BY 4.0	
6484986	1036969	cantonesespoken	CC BY 4.0	
6484988	1038844	cantonesespoken	CC BY 4.0	
6484992	994409	cantonesespoken	CC BY 4.0	
6484994	994410	cantonesespoken	CC BY 4.0	
6484995	1025783	cantonesespoken	CC BY 4.0	
6485001	1007721	cantonesespoken	CC BY 4.0	
6485002	1025784	cantonesespoken	CC BY 4.0	
6485003	1025785	cantonesespoken	CC BY 4.0	
6485007	1036970	cantonesespoken	CC BY 4.0	
6486909	1007722	cantonesespoken	CC BY 4.0	
6486910	990550	cantonesespoken	CC BY 4.0	
6487503	1036971	cantonesespoken	CC BY 4.0	
6487504	1036972	cantonesespoken	CC BY 4.0	
6487507	1025786	cantonesespoken	CC BY 4.0	
6487508	1036973	cantonesespoken	CC BY 4.0	
6487509	1036974	cantonesespoken	CC BY 4.0	
6487510	1036975	cantonesespoken	CC BY 4.0	
6487511	1025787	cantonesespoken	CC BY 4.0	
6487513	1036976	cantonesespoken	CC BY 4.0	
6487515	1036977	cantonesespoken	CC BY 4.0	
6487516	1036978	cantonesespoken	CC BY 4.0	
6487518	1036979	cantonesespoken	CC BY 4.0	
6487608	1025788	cantonesespoken	CC BY 4.0	
6488766	990551	cantonesespoken	CC BY 4.0	
6532467	1036980	cantonesespoken	CC BY 4.0	
6539129	1025789	cantonesespoken	CC BY 4.0	
6539130	1025790	cantonesespoken	CC BY 4.0	
6539140	1025791	cantonesespoken	CC BY 4.0	
6539199	1025792	cantonesespoken	CC BY 4.0	
6539231	994411	cantonesespoken	CC BY 4.0	
6539232	990552	cantonesespoken	CC BY 4.0	
6551559	1038845	cantonesespoken	CC BY 4.0	
6866769	1025793	cantonesespoken	CC BY 4.0	
6873548	994412	cantonesespoken	CC BY 4.0	
6910795	1025794	cantonesespoken	CC BY 4.0	
6944760	1036981	cantonesespoken	CC BY 4.0	
6944844	994413	cantonesespoken	CC BY 4.0	
6944846	1036982	cantonesespoken	CC BY 4.0	
6961841	1025795	cantonesespoken	CC BY 4.0	
6961864	1025796	cantonesespoken	CC BY 4.0	
6961866	1025797	cantonesespoken	CC BY 4.0	
6961871	990553	cantonesespoken	CC BY 4.0	
6961875	1025798	cantonesespoken	CC BY 4.0	
6961879	994414	cantonesespoken	CC BY 4.0	
6961880	1007723	cantonesespoken	CC BY 4.0	
6961881	1007724	cantonesespoken	CC BY 4.0	
6961883	1025799	cantonesespoken	CC BY 4.0	
6961885	1036983	cantonesespoken	CC BY 4.0	
6961886	1025800	cantonesespoken	CC BY 4.0	
6961887	1036984	cantonesespoken	CC BY 4.0	
6961895	1025801	cantonesespoken	CC BY 4.0	
6961910	1038846	cantonesespoken	CC BY 4.0	
6963691	1038847	cantonesespoken	CC BY 4.0	
6976632	1036985	cantonesespoken	CC BY 4.0	
7009344	1025802	cantonesespoken	CC BY 4.0	
7009362	1025803	cantonesespoken	CC BY 4.0	
7009370	1025804	cantonesespoken	CC BY 4.0	
7009372	1038848	cantonesespoken	CC BY 4.0	
7009425	1025805	cantonesespoken	CC BY 4.0	
7031998	1025806	cantonesespoken	CC BY 4.0	
7032008	1025807	cantonesespoken	CC BY 4.0	
7032010	1036986	cantonesespoken	CC BY 4.0	
7032020	1036987	cantonesespoken	CC BY 4.0	
7032056	1025808	cantonesespoken	CC BY 4.0	
7032059	1025809	cantonesespoken	CC BY 4.0	
7032060	1038849	cantonesespoken	CC BY 4.0	
7032065	1036988	cantonesespoken	CC BY 4.0	
7032070	1036989	cantonesespoken	CC BY 4.0	
7032072	1025810	cantonesespoken	CC BY 4.0	
7032074	1038850	cantonesespoken	CC BY 4.0	
7034040	1036990	cantonesespoken	CC BY 4.0	
7045360	1007725	cantonesespoken	CC BY 4.0	
7045392	1025811	cantonesespoken	CC BY 4.0	
7045394	1007726	cantonesespoken	CC BY 4.0	
7045405	1036991	cantonesespoken	CC BY 4.0	
7045412	1036992	cantonesespoken	CC BY 4.0	
7045431	1025812	cantonesespoken	CC BY 4.0	
7066659	1036993	cantonesespoken	CC BY 4.0	
7066663	1036994	cantonesespoken	CC BY 4.0	
7066668	994415	cantonesespoken	CC BY 4.0	
7066694	1025813	cantonesespoken	CC BY 4.0	
7066697	994416	cantonesespoken	CC BY 4.0	
7066698	994417	cantonesespoken	CC BY 4.0	
7066704	1025814	cantonesespoken	CC BY 4.0	
7074094	1038851	cantonesespoken	CC BY 4.0	
7074095	1007727	cantonesespoken	CC BY 4.0	
7074098	994418	cantonesespoken	CC BY 4.0	
7832880	994419	cantonesespoken	CC BY 4.0	
7832883	1025815	cantonesespoken	CC BY 4.0	
7832886	1025816	cantonesespoken	CC BY 4.0	
7832893	1025817	cantonesespoken	CC BY 4.0	
7832895	1038852	cantonesespoken	CC BY 4.0	
7832921	1007728	cantonesespoken	CC BY 4.0	
7832923	1007729	cantonesespoken	CC BY 4.0	
7832934	990554	cantonesespoken	CC BY 4.0	
7832959	1038853	cantonesespoken	CC BY 4.0	
7832962	1025818	cantonesespoken	CC BY 4.0	
7832973	990555	cantonesespoken	CC BY 4.0	
7832975	1038854	cantonesespoken	CC BY 4.0	
7832976	1042328	cantonesespoken	CC BY 4.0	
7832981	1042286	cantonesespoken	CC BY 4.0	
7909749	1025819	cantonesespoken	CC BY 4.0	
7909751	1025820	cantonesespoken	CC BY 4.0	
7909769	1025821	cantonesespoken	CC BY 4.0	
7909782	1007730	cantonesespoken	CC BY 4.0	
7909784	1025822	cantonesespoken	CC BY 4.0	
7986164	1042246	cantonesespoken	CC BY 4.0	
7986233	1025823	cantonesespoken	CC BY 4.0	
7986234	1036995	cantonesespoken	CC BY 4.0	
7986242	1025824	cantonesespoken	CC BY 4.0	
7986257	1025825	cantonesespoken	CC BY 4.0	
7986261	1025826	cantonesespoken	CC BY 4.0	
7986278	1007731	cantonesespoken	CC BY 4.0	
7986321	1036996	cantonesespoken	CC BY 4.0	
7987787	1025827	cantonesespoken	CC BY 4.0	
7987792	1042269	cantonesespoken	CC BY 4.0	
7987811	1036997	cantonesespoken	CC BY 4.0	
7987816	994420	cantonesespoken	CC BY 4.0	
7987882	1025828	cantonesespoken	CC BY 4.0	
7988138	1036998	cantonesespoken	CC BY 4.0	
7988150	990556	cantonesespoken	CC BY 4.0	
7988152	990557	cantonesespoken	CC BY 4.0	
7988153	994421	cantonesespoken	CC BY 4.0	
7988171	1036999	cantonesespoken	CC BY 4.0	
7988181	1037000	cantonesespoken	CC BY 4.0	
7988188	1025829	cantonesespoken	CC BY 4.0	
7988224	1037001	cantonesespoken	CC BY 4.0	
7988236	1037002	cantonesespoken	CC BY 4.0	
7988240	994422	cantonesespoken	CC BY 4.0	
7988257	1025830	cantonesespoken	CC BY 4.0	
7988280	1007732	cantonesespoken	CC BY 4.0	
7988287	1037003	cantonesespoken	CC BY 4.0	
7988292	990558	cantonesespoken	CC BY 4.0	
7988297	1037004	cantonesespoken	CC BY 4.0	
7988300	994423	cantonesespoken	CC BY 4.0	
7988305	1025831	cantonesespoken	CC BY 4.0	
7988309	1025832	cantonesespoken	CC BY 4.0	
7988315	1025833	cantonesespoken	CC BY 4.0	
7988316	1025834	cantonesespoken	CC BY 4.0	
7988328	1025835	cantonesespoken	CC BY 4.0	
7996100	1025836	cantonesespoken	CC BY 4.0	
7996104	1042302	cantonesespoken	CC BY 4.0	
7996114	1025837	cantonesespoken	CC BY 4.0	
7996124	1025838	cantonesespoken	CC BY 4.0	
7996126	1025839	cantonesespoken	CC BY 4.0	
7996157	1025840	cantonesespoken	CC BY 4.0	
7996177	1007733	cantonesespoken	CC BY 4.0	
7996185	1025841	cantonesespoken	CC BY 4.0	
7999704	1007734	cantonesespoken	CC BY 4.0	
7999717	1037005	cantonesespoken	CC BY 4.0	
7999880	1025842	cantonesespoken	CC BY 4.0	
7999897	1037006	cantonesespoken	CC BY 4.0	
7999912	990559	cantonesespoken	CC BY 4.0	
8326222	1042245	cantonesespoken	CC BY 4.0	
8645746	1038855	cantonesespoken	CC BY 4.0	
8891858	790494	Jam		
8938616	790495	Jam		
9084417	994424	cantonesespoken	CC BY 4.0	
9084420	790496	Jam		
9084437	1037007	cantonesespoken	CC BY 4.0	
9535838	1025843	cantonesespoken	CC BY 4.0	
9536005	1037008	cantonesespoken	CC BY 4.0	
9536282	1025844	cantonesespoken	CC BY 4.0	
9536289	1025845	cantonesespoken	CC BY 4.0	
9536305	1042237	cantonesespoken	CC BY 4.0	
9536307	994425	cantonesespoken	CC BY 4.0	
9536316	1025846	cantonesespoken	CC BY 4.0	
9536317	1025847	cantonesespoken	CC BY 4.0	
9536318	1025848	cantonesespoken	CC BY 4.0	
9536320	1025849	cantonesespoken	CC BY 4.0	
9547018	1025850	cantonesespoken	CC BY 4.0	
9555937	1042342	cantonesespoken	CC BY 4.0	
9585097	1037009	cantonesespoken	CC BY 4.0	
10645853	1038856	cantonesespoken	CC BY 4.0	
10645857	1038857	cantonesespoken	CC BY 4.0	
10645862	1038858	cantonesespoken	CC BY 4.0	
10645901	1038859	cantonesespoken	CC BY 4.0	
10645906	1038860	cantonesespoken	CC BY 4.0	
10645907	1038861	cantonesespoken	CC BY 4.0	
10645918	1038862	cantonesespoken	CC BY 4.0	
10645922	1038863	cantonesespoken	CC BY 4.0	
10645939	1038864	cantonesespoken	CC BY 4.0	
10650632	1025851	cantonesespoken	CC BY 4.0	
10650633	1038865	cantonesespoken	CC BY 4.0	
10650634	1007735	cantonesespoken	CC BY 4.0	
10650636	1037010	cantonesespoken	CC BY 4.0	
